tree
version=v4
num_class=1
num_tree_per_iteration=1
label_index=0
max_feature_idx=12
objective=lambdarank
feature_names=exact_matches partial_matches category_match term_coverage lexical_signal rrf_raw dense_raw attribute_raw profile_match quality contradictions budget_penalty novelty_penalty
feature_infos=[0:7] [0:1.6499999999999999] [0:1] [0:1] [0.0033333333333333335:1] [0.001129032258064516:0.03433368588048652] [0:0.85188044717819522] [0:17] [0:1] [0.42679245283018863:0.978592100117325] [0:6] none [0:1]
tree_sizes=1787 1785 1800 1796 1788 1792 1797 1787 1787 1798 1790 1798 1796 1787 1802 1795 1789 1794 1801 1802 1782 1799 1789 1792 1793 1791 1803 1783 1791 1804 1791 1796 1794 1791 1783 1789 1797 1810 1807 1802 1810 1804 1806 1815 1788 1802 1803 1794 1803 1808 1786 1795 1802 1781 1790 1798 1798 1801 1798 1808 1806 1803 1814 1812 1783 1802 1812 1802 1797 1796 1818 1807 1803 1798 1812 1811 1801 1798 1804 1813 1809 1806 1805 1800 1796 1806 1801 1800 1794 1803 1804 1803 1795 1792 1800 1793 1804 1793 1787 1807 1802 1802 1802 1800 1799 1809 1779 1807 1787 1794 1807 1793 1819 1800 1594 1813 1788 1802 1793 1795 1792 1824 1706 1798 1818 1813 1816 1795 1823 1810 1808 1802 1703 1477 1803 1823 1811 1814 1817 1820 1822 1810 1817 1819 1798 1802 1818 1820 1800 1796 1803 1802 1819 1590 1823 1834 1790 1822 1807 1819 1824 1817 1483 1819 1798 1264 1826

Tree=0
num_leaves=15
num_cat=0
split_feature=3 9 12 7 6 5 2 9 9 0 3 10 4 7
split_gain=4183.04 1811.99 411.623 363.105 260.373 226.53 100.25 96.7219 61.6761 56.6091 36.7024 36.7019 18.8196 16.9505
threshold=0.77330802140271804 0.83914845405209448 1.0000000180025095e-35 0.29166666666666669 0.3588502965882277 0.01853387999776426 1.0000000180025095e-35 0.82024390243902456 0.8787180979442325 1.5000000000000002 0.70891759239648022 1.0000000180025095e-35 0.11805555555555557 1.9166666666666667
decision_type=2 2 2 2 2 2 2 2 2 2 2 2 2 2
left_child=5 3 6 -2 7 -1 8 -5 -3 -6 12 -8 -7 -12
right_child=1 2 -4 4 9 10 11 -9 -10 -11 13 -13 -14 -15
leaf_value=-0.094770307448312274 -0.093355282930155492 -0.029933448728579726 -0.087129693756551885 0.031519144504574541 -0.078746662433168371 -0.062785848000909111 0.085578624620881769 -0.077643282223251814 0.053888160564243753 0.0090804275064385372 -0.034374031955130752 0.0096514793192533296 0.027425194571354325 0.056635091715725422
leaf_weight=839.77054837509058 165.5746423790697 27.858875381229154 33.849114429933252 241.92240887107982 102.06373847915529 12.646639518781742 1135.9318302306056 17.364642475382425 66.47503719641827 20.97392550999939 2.6189352309156702 17.51385078651947 5.159920137259177 28.253386400989257
leaf_count=680819 260081 18892 23025 121073 17186 2903 112264 26766 11995 2293 480 6802 457 1037
internal_value=-6.49819e-09 0.0432084 0.075655 -0.0326873 -0.00554764 -0.0887203 0.080401 0.0228778 0.0288731 -0.0640051 0.0147562 0.0844724 -0.0363633 0.0451996
internal_weight=2717.98 1829.53 1281.63 547.899 382.325 888.449 1247.78 259.287 94.3339 123.038 48.6789 1153.45 17.8066 30.8723
internal_count=1286073 600377 172978 427399 167318 685696 149953 147839 30887 19479 4877 119066 3360 1517
is_linear=0
shrinkage=0.05


Tree=1
num_leaves=15
num_cat=0
split_feature=3 9 5 7 9 9 7 4 5 9 9 9 4 4
split_gain=4730.8 2058.66 1008.91 550.427 517.875 382.59 365.982 255.416 233.712 165.888 1290.57 141.84 128.215 78.472
threshold=0.75536482424621221 0.87826463391680798 0.020994551425103421 0.29166666666666669 0.86012345679012359 0.86012345679012359 1.0000000180025095e-35 0.29166666666666669 0.018947083501492629 0.8979068407205465 0.88029508833236281 0.85860931501109905 0.0057971501545906719 0.75000000000000011
decision_type=2 2 2 2 2 2 2 2 2 2 2 2 2 2
left_child=8 2 3 13 11 -5 7 12 -1 10 -8 -4 -3 -2
right_child=1 6 4 5 -6 -7 9 -9 -10 -11 -12 -13 -14 -15
leaf_value=-0.086673794666695864 -0.086109157305799142 0.012893928987008094 0.032399366505595086 -0.0042394940343649682 -0.093281610865015463 -0.096339782339326552 0.075432107848657171 0.074048112164866425 0.018387974440619209 0.072043822829428741 -0.09658057072830116 0.080033985526321696 -0.085177589131832529 0.033806426814723803
leaf_weight=1290.8692568022307 402.86773929137416 52.782618473778712 492.16829183128721 973.14504505154036 66.355477118151612 122.61894064577064 545.41333200440567 58.402434324583737 53.530032210663194 1482.3442600081762 131.43524802519823 233.89102279214421 80.286664526240202 11.62608132578316
leaf_count=666914 301651 8834 22419 193535 1634 20829 8448 146 3793 29102 16803 489 10995 481
internal_value=8.89186e-11 0.0238801 -0.00971954 -0.0336581 0.0358298 -0.0149366 0.0567446 -0.00928702 -0.0824379 0.062608 0.0415662 0.0481867 -0.0472188 -0.0823828
internal_weight=5997.74 4653.34 2302.67 1510.26 792.415 1095.76 2350.66 191.472 1344.4 2159.19 676.849 726.059 133.069 414.494
internal_count=1286073 615366 541038 516496 24542 214364 74328 19975 670707 54353 25251 22908 19829 302132
is_linear=0
shrinkage=0.05


Tree=2
num_leaves=15
num_cat=0
split_feature=5 9 3 5 5 3 6 9 3 9 9 2 12 9
split_gain=5189.89 1894.58 916.372 407.423 394.493 310.913 280.326 234.577 110.547 86.9932 69.8132 67.2421 61.4224 48.6104
threshold=0.0069126871662119017 0.81964459054494021 0.72003785187676572 0.020994551425103421 0.024317746240414963 0.97226613828493991 0.22620847441358785 0.85906503250714794 0.97226613828493991 0.80090909090909101 0.80090909090909101 1.0000000180025095e-35 1.0000000180025095e-35 0.81985595965002911
decision_type=2 2 2 2 2 2 2 2 2 2 2 2 2 2
left_child=5 4 13 6 8 -1 -4 -7 -2 -10 -6 -9 -5 -3
right_child=1 2 3 12 10 7 -8 11 9 -11 -12 -13 -14 -15
leaf_value=-0.083752763002913524 -0.086358072361309143 0.040239521888884154 0.051149816524766495 0.072200462969419191 0.046026549837846042 -0.07462990541083124 0.01035250012090929 -0.078154008862438909 -0.026973119955091236 -0.087457800747592809 -0.066846481589187892 -0.0011146384315500238 -0.053910154359376274 -0.070195630414545448
leaf_weight=1277.0750065794127 242.45881077853846 7.4671745593950609 1124.3324586355739 1474.7794834343949 119.84673671770724 240.58764292726119 676.23536565322138 26.522658905101707 268.13998505492054 74.767772495702957 10.957112146017606 280.67133923149595 6.3425091457902445 166.33295305474894
leaf_count=595870 105310 439 55677 8401 4528 197007 66154 7496 99242 44491 1853 37615 4121 57869
internal_value=-9.50025e-10 0.0307632 0.046098 0.0520423 -0.0430331 -0.0702173 0.0358988 -0.0381891 -0.0604943 -0.0412286 0.0344584 -0.00891126 0.0714809 -0.0644583
internal_weight=5996.52 4171.66 3455.49 3281.69 716.17 1824.86 1800.57 547.782 585.367 342.908 130.804 307.194 1481.12 173.8
internal_count=1286073 448085 192661 134353 255424 837988 121831 242118 249043 143733 6381 45111 12522 58308
is_linear=0
shrinkage=0.05


Tree=3
num_leaves=15
num_cat=0
split_feature=3 9 5 2 5 7 5 5 12 4 2 12 9 3
split_gain=4692.37 1768.75 773.139 439.927 400.931 263.612 189.915 133.015 76.8213 68.5354 43.1671 38.3542 27.2572 23.5569
threshold=0.75536482424621221 0.81964459054494021 0.015709475700968371 1.0000000180025095e-35 0.024317746240414963 1.0000000180025095e-35 0.018947083501492629 0.011459932275409179 1.0000000180025095e-35 0.0093898783283371551 1.0000000180025095e-35 1.0000000180025095e-35 0.80090909090909101 0.67224703962416654
decision_type=2 2 2 2 2 2 2 2 2 2 2 2 2 2
left_child=6 4 3 -3 7 -5 -1 -2 10 -9 -4 12 -6 -8
right_child=1 2 8 5 11 -7 13 9 -10 -11 -12 -13 -14 -15
leaf_value=-0.078326462640779679 -0.080653239950379096 -0.067178929742002444 0.03020774298730862 -0.037873707519126699 0.04804905104142701 0.03028356785718115 -0.025752652437358539 0.017889374550748027 -0.059875756694824311 -0.045351917140219453 0.06352610624843362 -0.056941972140249611 -0.043928093914165627 0.038130964051841965
leaf_weight=1483.3917142256832 357.44229010248091 144.76792685857799 116.53373283639667 155.01310012793692 114.53058117980254 1291.0156388110918 18.161825775983743 51.600224725450971 9.3496925372892274 194.59967001738551 1920.1294673384255 6.2038967621047041 4.8394577658618791 35.417313149315305
leaf_count=666914 266414 43698 5010 73455 3319 104073 2623 14296 8417 73117 20759 1638 1170 1170
internal_value=-9.65458e-10 0.0264551 0.0407035 0.0144921 -0.0443993 0.0228718 -0.0749922 -0.0612377 0.0609982 -0.0320051 0.0616983 0.0357892 0.042704 0.0161264
internal_weight=5903 4366.03 3636.81 1590.8 729.216 1446.03 1536.97 603.642 2046.01 246.2 2036.66 125.574 119.37 53.5791
internal_count=1286073 615366 255412 221226 359954 177528 670707 353827 34186 87413 25769 6127 4489 3793
is_linear=0
shrinkage=0.05


Tree=4
num_leaves=15
num_cat=0
split_feature=3 9 5 5 5 3 5 5 6 9 9 9 9 2
split_gain=4205.7 1440.76 656.82 341.172 275.719 196.877 168.425 132.138 81.9368 78.8172 70.5667 31.0103 21.9545 21.0775
threshold=0.75536482424621221 0.81964459054494021 0.0058593936919800948 0.011586397842959775 0.015933461145348875 0.97226613828493991 0.018947083501492629 0.025413031140609298 0.22528893726000918 0.91742625495946184 0.85860931501109905 0.91979137321978599 0.87826463391680798 1.0000000180025095e-35
decision_type=2 2 2 2 2 2 2 2 2 2 2 2 2 2
left_child=6 3 9 -2 5 -4 -1 8 -5 12 -6 -11 -3 -8
right_child=1 2 4 7 10 -7 13 -9 -10 11 -12 -13 -14 -15
leaf_value=-0.074784701052515654 -0.076384096985886094 -0.06475301137963739 -0.040375599349922305 0.0089177932316803592 0.03522843532354638 0.031161704168365108 -0.027139548229139793 0.039671323085849246 -0.047678096523614072 0.049114780676352554 0.059586570673761365 -0.02292670265318621 -0.03093173593159329 0.032415938091562846
leaf_weight=1461.4454003864812 335.9570042493142 111.71495993940334 100.2475094103429 102.79978378636588 394.57359460479347 1202.6748178196576 18.19974183611339 104.22001762170112 158.46290014509577 28.776722608017735 1675.1986133464088 22.729138615570264 111.18092734720267 37.913662428356474
leaf_count=666914 268044 75202 22129 16799 16303 96313 1866 3684 71427 1864 16360 5365 21876 1927
internal_value=-5.09134e-10 0.0250156 0.0376357 -0.0404041 0.0436918 0.0255243 -0.0715284 -0.00674623 -0.0256599 -0.0362493 0.0550391 0.0181078 -0.0489317 0.0124597
internal_weight=5866.09 4348.54 3647.1 701.44 3372.69 1302.92 1517.56 365.483 261.263 274.402 2069.77 51.5059 222.896 56.1134
internal_count=1286073 615366 255412 359954 151105 118442 670707 91910 88226 104307 32663 7229 97078 3793
is_linear=0
shrinkage=0.05


Tree=5
num_leaves=15
num_cat=0
split_feature=3 9 5 5 7 5 9 9 5 9 12 9 9 2
split_gain=3753.05 1280.12 423.237 354.521 189.21 183.264 184.257 179.822 155.101 49.9538 40.4947 40.28 185.515 28.9149
threshold=0.75536482424621221 0.83914845405209448 0.011459932275409179 0.0058593936919800948 0.29166666666666669 0.018136242039617761 0.91742625495946184 0.82024390243902456 0.018947083501492629 0.87826463391680798 1.0000000180025095e-35 0.81964459054494021 0.8199828281039524 1.0000000180025095e-35
decision_type=2 2 2 2 2 2 2 2 2 2 2 2 2 2
left_child=8 2 11 9 -4 6 -5 -6 -1 -3 -7 -2 -13 -11
right_child=1 3 4 5 7 10 -8 -9 -10 13 -12 12 -14 -15
leaf_value=-0.071790798118478702 -0.073390853131960629 -0.058862605053196772 -0.074398897989457133 0.01693754536575438 0.02372800371138175 0.053707251259782887 0.05646846715191059 -0.080488190681684169 0.011979259463999191 -0.063595569961096041 -0.048589487447279145 0.059054060697748559 -0.076469689068463381 0.0012224224730906382
leaf_weight=1423.524670613333 316.68572153360583 65.250826245261123 64.765156381981797 997.58815404056804 425.41788099249243 1727.4140704767487 417.84829425270436 40.902150279784109 56.102217882376863 14.775568338111041 6.0936382065410717 32.274532658164389 76.523310468968702 131.05165793566266
leaf_count=666914 266414 42747 44487 81245 56322 11187 9492 11787 3793 6401 5218 1885 55477 22704
internal_value=-2.15308e-09 0.0235615 -0.0273654 0.038079 0.00247708 0.0422846 0.0287651 0.01383 -0.0685849 -0.0241879 0.0532089 -0.0642107 -0.0354387 -0.0072356
internal_weight=5796.22 4316.59 956.569 3360.02 531.085 3148.94 1415.44 466.32 1479.63 211.078 1733.51 425.484 108.798 145.827
internal_count=1286073 615366 436372 178994 112596 107142 90737 68109 670707 71852 16405 323776 57362 29105
is_linear=0
shrinkage=0.05


Tree=6
num_leaves=15
num_cat=0
split_feature=3 9 5 5 2 9 5 12 5 5 6 9 3 0
split_gain=3392.87 1160.34 391.709 260.931 225.125 136.491 128.392 110.344 91.4716 88.7349 77.7425 22.3556 21.9225 20.4279
threshold=0.75536482424621221 0.81964459054494021 0.010853395234447333 0.024317746240414963 1.0000000180025095e-35 0.8979068407205465 0.018947083501492629 1.0000000180025095e-35 0.025413031140609298 0.011459932275409179 0.22528893726000918 0.80090909090909101 0.67224703962416654 1.0000000180025095e-35
decision_type=2 2 2 2 2 2 2 2 2 2 2 2 2 2
left_child=6 3 4 9 -3 -6 -1 8 -4 -2 -11 13 -8 -5
right_child=1 2 7 11 5 -7 12 -9 -10 10 -12 -13 -14 -15
leaf_value=-0.069246348903157284 -0.070638385397801845 -0.064201088650335802 0.037521909005062297 -0.0063377716887673607 -0.004429030263065555 0.036108173334431934 -0.029496034973564317 -0.070247206501127313 0.057683929084514689 0.0021343408334666778 -0.054127118225310092 -0.045750417828960582 0.030279002836050613 0.041384709896873338
leaf_weight=1383.7646325002133 302.77295415598201 97.944669156830059 1788.7839507074241 27.346437031694222 450.7569087742886 378.50303737341892 20.064186104369583 16.957410064176656 866.48445489892038 109.62337859037507 133.53074674461095 5.9236859052471109 35.068302552856039 94.979813196667237
leaf_count=666914 266414 37334 57675 1554 120905 22572 2623 14218 2708 17087 70326 1789 1170 2784
internal_value=-2.67391e-09 0.0223654 0.0336403 -0.0376358 0.00559949 0.0141791 -0.0662741 0.0433413 0.0441974 -0.052628 -0.0292303 0.0257626 0.0078815 0.0308863
internal_weight=5712.5 4273.61 3599.43 674.177 927.205 829.26 1438.9 2672.23 2655.27 545.927 243.154 128.25 55.1325 122.326
internal_count=1286073 615366 255412 359954 180811 143477 670707 74601 60383 353827 87413 6127 3793 4338
is_linear=0
shrinkage=0.05


Tree=7
num_leaves=15
num_cat=0
split_feature=3 9 9 9 7 5 12 2 5 9 9 9 9 9
split_gain=3133.99 1043.25 573.816 770.377 337.132 175.052 133.764 116.211 115.56 39.0554 24.7548 21.1091 14.5379 19.12
threshold=0.75536482424621221 0.85860931501109905 0.83999327877942653 0.83914845405209448 0.29166666666666669 0.0056687652291201847 1.0000000180025095e-35 1.0000000180025095e-35 0.018947083501492629 0.91742625495946184 0.88029508833236281 0.81964459054494021 0.81985595965002911 0.87933136346808072
decision_type=2 2 2 2 2 2 2 2 2 2 2 2 2 2
left_child=8 2 3 4 -2 9 7 -7 -1 10 -3 -10 -13 -14
right_child=1 5 -4 -5 -6 6 -8 -9 11 -11 -12 12 13 -15
leaf_value=-0.0670759967895833 -0.068833933205700568 -0.0088940780904344565 -0.091031394973583438 0.062745056019770221 -0.0035896739411194604 0.0025154604167937533 -0.07576795582096163 0.046395873541544431 -0.041557302163423467 0.018667378963635451 -0.062402108733206944 0.056178743222061615 -0.044578246405503667 0.027710204050139627
leaf_weight=1360.7778191055986 284.09843459125841 47.208869797410443 195.67718596663326 348.2708116134454 630.20318095266703 161.47130076910253 19.301688384555746 2432.2847991209419 12.517747342673827 50.388440920127323 38.190832681691973 14.33257870422676 9.8085208718257508 18.926905685686506
leaf_count=666914 265109 20374 53002 5974 171263 11618 16626 47351 1776 6772 17277 43 1231 743
internal_value=1.57977e-09 0.0216638 -0.012494 -1.10114e-05 -0.024127 0.0397741 0.042649 0.0436742 -0.0641989 -0.0150978 -0.0349509 0.00595802 0.0226546 8.5416e-05
internal_weight=5623.46 4207.1 1458.25 1262.57 914.302 2748.85 2613.06 2593.76 1416.36 135.788 85.3997 55.5858 43.068 28.7354
internal_count=1286073 615366 495348 442346 436372 120018 75595 58969 670707 44423 37651 3793 2017 1974
is_linear=0
shrinkage=0.05


Tree=8
num_leaves=15
num_cat=0
split_feature=3 9 5 5 5 5 7 9 5 4 2 9 9 9
split_gain=2978.09 1021.49 337.177 231.762 215.5 164.68 251.617 112.789 68.3253 67.5291 32.418 30.3018 29.9529 29.1452
threshold=0.79228232716842617 0.81964459054494021 0.0065791959589129641 0.022431551694564469 0.01853387999776426 0.020994551425103421 1.0000000180025095e-35 0.87826463391680798 0.011586397842959775 0.0093898783283371551 1.0000000180025095e-35 0.80090909090909101 0.79909090909090918 0.81964459054494021
decision_type=2 2 2 2 2 2 2 2 2 2 2 2 2 2
left_child=4 3 7 8 -1 6 -4 -3 -2 -10 -9 12 -5 -6
right_child=1 2 5 11 13 -7 -8 10 9 -11 -12 -13 -14 -15
leaf_value=-0.064807797631769179 -0.066765374654126658 -0.057070456098333978 -0.043330092697833202 0.0062648440401879731 -0.043002706274242283 0.049459026587689289 0.031664737966378906 -0.056351531293143367 0.01574072160257493 -0.045189338260631401 0.013859592037578082 -0.051397507155430011 0.05283064864881333 0.025906662115045845
leaf_weight=1419.8506405792141 290.43311200702738 113.99606004984525 115.67158801871119 85.525725329789566 14.128954667976357 1467.848727211036 1650.775343627276 13.427999506413469 59.327879739284981 163.87239470006898 151.25415516714565 9.3625013875134737 54.765121899050428 77.541559364821296
leaf_count=690290 257455 81180 35132 6538 2242 11898 83436 5808 13253 65759 25566 3210 1454 2852
internal_value=4.55714e-10 0.0217699 0.0325138 -0.0349506 -0.0600227 0.0370595 0.0266454 -0.0199662 -0.0507938 -0.0290038 0.00664285 0.01931 0.0256352 0.013611
internal_weight=5687.78 4176.26 3512.97 663.287 1511.52 3234.3 1766.45 278.678 513.633 223.2 164.682 149.653 140.291 91.6705
internal_count=1286073 590689 243020 347669 695384 130466 118568 112554 336467 79012 31374 11202 7992 5094
is_linear=0
shrinkage=0.05


Tree=9
num_leaves=15
num_cat=0
split_feature=3 9 5 7 5 2 5 5 4 2 8 9 12 9
split_gain=2744.22 931.129 329.74 262.406 225.237 129.86 105.389 59.3918 55.2305 47.1405 48.7931 47.1229 42.395 27.1476
threshold=0.75536482424621221 0.81964459054494021 0.015482521692199115 1.0000000180025095e-35 0.022431551694564469 1.0000000180025095e-35 0.018947083501492629 0.011459932275409179 0.0093898783283371551 1.0000000180025095e-35 0.20993866958013926 0.89832354935376557 1.0000000180025095e-35 0.80090909090909101
decision_type=2 2 2 2 2 2 2 2 2 2 2 2 2 2
left_child=6 4 3 11 7 -5 -1 -2 -9 10 -4 -3 -11 -6
right_child=1 2 9 5 13 -7 -8 8 -10 12 -12 -13 -14 -15
leaf_value=-0.063654624236351903 -0.065058572579088161 -0.055896955504350469 0.023798117708960731 -0.041129733411290913 0.025349790310950967 0.024159648093587987 0.0059004877859084809 0.010761838618928208 -0.044560482790437721 0.04516151797612656 -0.065725546353819733 0.0015046325078657849 -0.049210638228966957 -0.048831742324122247
leaf_weight=1332.7336086733703 289.62831917003496 144.3485408409615 123.06167284649564 76.923196287592873 138.39959399180952 1180.7886505935312 55.92586018203292 59.985594131518155 158.50076772714965 1972.890566228336 12.415758688744971 46.668943579294137 8.1033497244934534 8.8918273419840244
leaf_count=666914 266414 86871 3964 19620 8043 102865 3793 14289 67967 21999 2146 9926 8021 3241
internal_value=-5.2714e-10 0.0200666 0.0301359 0.0116998 -0.0345206 0.0200194 -0.0608423 -0.0501923 -0.0294707 0.042698 0.0135464 -0.0421921 0.0446526 0.0194153
internal_weight=5609.27 4220.61 3565.2 1448.73 655.406 1257.71 1388.66 508.115 218.486 2116.47 135.477 191.017 1980.99 147.291
internal_count=1286073 615366 255412 219282 359954 122485 670707 348670 82256 36130 6110 96797 30020 11284
is_linear=0
shrinkage=0.05


Tree=10
num_leaves=15
num_cat=0
split_feature=3 9 5 5 2 9 9 5 9 4 7 9 9 3
split_gain=2528.54 850.219 269.739 215.308 173.167 143.947 184.546 95.4116 95.1364 32.4943 75.0286 27.3647 136.688 21.2377
threshold=0.75536482424621221 0.83914845405209448 0.011459932275409179 0.016206252509806545 1.0000000180025095e-35 0.82024390243902456 0.81964459054494021 0.018947083501492629 0.87826463391680798 0.29166666666666669 0.22500000000000003 0.81964459054494021 0.8199828281039524 0.67224703962416654
decision_type=2 2 2 2 2 2 2 2 2 2 2 2 2 2
left_child=7 2 11 4 -3 6 -4 -1 -6 10 -5 -2 -13 -9
right_child=1 3 5 9 8 -7 -8 13 -10 -11 -12 12 -14 -15
leaf_value=-0.062194322838869359 -0.063341871147453224 -0.047356505775306174 -0.0096505166738248809 -0.06643780241971485 -0.00026182707818582756 -0.07475946681092685 0.05985263981058158 -0.030711807372499313 0.029787226029795156 0.05505031764127713 0.039360241020504658 0.047390973090027579 -0.068169730725278113 0.026919481318762796
leaf_weight=1291.6981810249636 276.71750413662812 96.149210894363932 360.38137274059409 12.612244056479538 376.55344147013966 52.882801162588294 124.44577330388711 21.891704787965864 870.93897849196219 399.1303423242789 1508.1670078217139 33.845137589378282 73.03834146054578 34.544817427115049
leaf_count=666914 266414 30268 93540 1608 73849 17433 1623 2623 52013 1491 19765 1885 55477 1170
internal_value=-6.92325e-10 0.0191912 -0.0231339 0.0311569 0.0157209 -0.000194828 0.00861845 -0.059424 0.0207521 0.0418908 0.038268 -0.0548724 -0.0310943 0.00388422
internal_weight=5533 4184.86 921.311 3263.55 1343.64 537.71 484.827 1348.13 1247.49 1919.91 1520.78 383.601 106.883 56.4365
internal_count=1286073 615366 436372 178994 156130 112596 95163 670707 125862 22864 21373 323776 57362 3793
is_linear=0
shrinkage=0.05


Tree=11
num_leaves=15
num_cat=0
split_feature=3 9 5 5 12 2 5 9 5 4 3 9 9 3
split_gain=2361.7 773.181 277.217 188.749 137.317 119.236 90.9675 89.3035 51.7471 51.8034 26.9517 22.9534 24.6928 19.0298
threshold=0.75536482424621221 0.81964459054494021 0.0065791959589129641 0.022431551694564469 1.0000000180025095e-35 1.0000000180025095e-35 0.018947083501492629 0.87826463391680798 0.011586397842959775 0.0093898783283371551 0.97226613828493991 0.80090909090909101 0.79909090909090918 0.67224703962416654
decision_type=2 2 2 2 2 2 2 2 2 2 2 2 2 2
left_child=6 3 7 8 5 -4 -1 -3 -2 -10 -9 12 -5 -8
right_child=1 2 4 11 -6 -7 13 10 9 -11 -12 -13 -14 -15
leaf_value=-0.060918889983530677 -0.061709454144940737 -0.053673029225230477 -0.0043160762444908315 0.0047907976201395077 -0.074793659590921699 0.035222411278260764 -0.029843344513561999 -0.054125556560171331 0.010066413452538196 -0.043120763477773626 0.0097944758229240522 -0.046140537783839849 0.047514005704318553 0.02437725641382428
leaf_weight=1262.4691453769628 270.45192917819804 110.80441055944539 202.4366659065854 82.191450447659008 25.412769150381791 3014.3495661061315 21.881335201207548 13.404241818963781 62.251565834259964 152.38774249106064 154.85191137736547 8.5613693632330961 54.026382050622487 35.752044632448815
leaf_count=666914 268044 85521 22432 6578 20868 93177 2623 6246 13590 67036 27168 3241 1465 1170
internal_value=-1.41063e-09 0.0185321 0.027659 -0.0323076 0.0317747 0.0327314 -0.058125 -0.0198762 -0.0471498 -0.027817 0.00328719 0.017336 0.0228179 0.00305259
internal_weight=5471.23 4151.13 3521.26 629.87 3242.2 3216.79 1320.1 279.061 485.091 214.639 168.256 144.779 136.218 57.6334
internal_count=1286073 615366 255412 359954 136477 115609 670707 118935 348670 80626 33414 11284 8043 3793
is_linear=0
shrinkage=0.05


Tree=12
num_leaves=15
num_cat=0
split_feature=3 9 5 7 5 2 5 5 4 8 4 7 9 9
split_gain=2186.03 681.092 254.6 221.95 174.708 96.4158 84.3858 48.4406 45.8818 39.3719 36.5295 69.1369 20.2007 21.1044
threshold=0.75536482424621221 0.81964459054494021 0.015933461145348875 1.0000000180025095e-35 0.022431551694564469 1.0000000180025095e-35 0.018947083501492629 0.011586397842959775 0.0093898783283371551 0.23271335681323799 0.29166666666666669 0.22500000000000003 0.80090909090909101 0.79909090909090918
decision_type=2 2 2 2 2 2 2 2 2 2 2 2 2 2
left_child=6 4 3 9 7 -5 -1 -2 -9 -3 11 -4 13 -6
right_child=1 2 10 5 12 -7 -8 8 -10 -11 -12 -13 -14 -15
leaf_value=-0.059794682707696438 -0.060294808177859364 -0.054232717254392243 -0.062179397081898138 -0.036746389791249383 0.0044505695856098138 0.021043130523518153 0.0019247212033839632 0.0085061767973266169 -0.041841543765784736 -0.0023373733065454694 0.051026805731084916 0.034975796733432978 -0.044186382050217202 0.043591781027877662
leaf_weight=1219.7548299040427 256.18697467539459 133.51660014843219 14.143147986760594 72.294527419115184 81.357612007268472 1201.0418139658286 57.683248620014638 62.665822965209372 145.05006699866499 50.279743683800916 419.64133744298306 1616.3578376678197 8.1355668895557738 56.408317729627015
leaf_count=666914 268044 76809 3450 20067 6578 105148 3793 13590 67036 20725 2207 27006 3241 1465
internal_value=4.41614e-10 0.017737 0.0262176 0.0101887 -0.0308556 0.0176312 -0.0570111 -0.0457471 -0.0268092 -0.040474 0.0375575 0.0339455 0.01644 0.0214424
internal_weight=5394.52 4117.08 3507.28 1457.13 609.804 1273.34 1277.44 463.903 207.716 183.796 2050.14 1630.5 145.901 137.766
internal_count=1286073 615366 255412 222749 359954 125215 670707 348670 80626 97534 32663 30456 11284 8043
is_linear=0
shrinkage=0.05


Tree=13
num_leaves=15
num_cat=0
split_feature=3 9 7 9 9 5 2 5 7 5 9 9 3 7
split_gain=2036.37 618.864 237.065 169.883 190.928 168.451 136.288 78.1201 73.9708 33.2992 43.092 21.3901 17.1896 15.6496
threshold=0.75536482424621221 0.83914845405209448 0.29166666666666669 0.82024390243902456 0.81964459054494021 0.015933461145348875 1.0000000180025095e-35 0.018947083501492629 1.0000000180025095e-35 0.025413031140609298 0.8979068407205465 0.90118055555555554 0.67224703962416654 1.9166666666666667
decision_type=2 2 2 2 2 2 2 2 2 2 2 2 2 2
left_child=7 2 -2 4 -4 6 -3 -1 -8 10 -7 -11 -9 -14
right_child=1 5 3 -5 -6 9 8 12 -10 11 -12 -13 13 -15
leaf_value=-0.058757652765176062 -0.060630556424818606 -0.04624207890086364 -0.012875093154745311 -0.072778194974088828 0.050775574821597481 0.020633882760960759 -0.022172168792223348 -0.030068512808878026 0.021415274126487475 0.050155236249535932 0.040666481763231635 0.031179030474882796 -0.038650752306245872 0.034418285543867611
leaf_weight=1181.0396844361458 250.61257124529948 85.278314856659563 388.42445311516349 72.479385462138453 163.2760729379952 559.73503553599585 102.8740266974346 22.524089852464385 1083.1994317032368 560.43312560251798 550.91745472661569 250.2489410477574 4.7957503015641114 30.956649824976921
leaf_count=666914 265109 30008 137282 30980 3001 16173 43580 2623 81480 2582 4466 705 412 758
internal_value=-1.23511e-09 0.0171045 -0.0200704 -0.00343284 0.00624921 0.0273058 0.0131137 -0.0559806 0.0175575 0.0366384 0.0307084 0.0445245 0.000495361 0.0210774
internal_weight=5306.79 4067.48 874.792 624.18 551.701 3192.69 1271.35 1239.32 1186.07 1921.33 1110.65 810.682 58.2765 35.7524
internal_count=1286073 615366 436372 171263 140283 178994 155068 670707 125060 23926 20639 3287 3793 1170
is_linear=0
shrinkage=0.05


Tree=14
num_leaves=15
num_cat=0
split_feature=3 9 5 5 5 7 5 9 5 6 5 2 9 12
split_gain=1917.68 562.088 217.101 160.892 111.503 147.639 73.8691 67.5547 43.8902 39.7197 23.388 20.3074 18.7367 17.012
threshold=0.75536482424621221 0.81964459054494021 0.0065791959589129641 0.022431551694564469 0.020994551425103421 1.0000000180025095e-35 0.018947083501492629 0.87826463391680798 0.011459932275409179 0.22528893726000918 0.027263427818526507 1.0000000180025095e-35 0.80090909090909101 1.0000000180025095e-35
decision_type=2 2 2 2 2 2 2 2 2 2 2 2 2 2
left_child=6 3 7 8 5 -4 -1 -3 -2 -10 -6 -9 13 -5
right_child=1 2 4 12 10 -7 -8 11 9 -11 -12 -13 -14 -15
leaf_value=-0.057851551874443519 -0.058456379380837031 -0.050437759801953669 -0.037952076073946232 0.025811590746741692 0.032534491571523681 0.02291759825080264 -0.00017895814289819887 -0.049040097530344398 -0.0016268309169606616 -0.045743953922150221 0.046269865906372734 0.0073366603682626461 -0.042095456141087943 -0.046752638679619235
leaf_weight=1150.3467616966082 234.30260909750359 100.92339995095972 101.61679185381945 129.19251576649549 864.22486039521755 1637.388114750458 58.357399912085384 12.911836248793405 94.169736702941009 107.33429030611296 576.47146583239373 142.80221619957592 7.8484004107376668 4.0969123189279335
leaf_count=666914 266414 85521 37006 6592 10104 87162 3793 7188 16729 65527 2205 26226 3241 1451
internal_value=2.54173e-10 0.0166364 0.0243048 -0.0288535 0.0278763 0.0192621 -0.0550793 -0.0196324 -0.0437578 -0.0256651 0.0381715 0.00128163 0.0170904 0.0219714
internal_weight=5221.99 4013.28 3436.34 576.944 3179.7 1739 1208.7 256.637 435.807 201.504 1440.7 155.714 141.138 133.289
internal_count=1286073 615366 255412 359954 136477 124168 670707 118935 348670 82256 12309 33414 11284 8043
is_linear=0
shrinkage=0.05


Tree=15
num_leaves=15
num_cat=0
split_feature=3 9 5 7 5 2 5 9 9 5 4 1 9 9
split_gain=1791.76 506.341 209.869 161.482 143.422 72.4687 69.0129 46.5716 179.802 42.978 38.9173 34.7599 27.7227 16.464
threshold=0.75536482424621221 0.81964459054494021 0.015933461145348875 1.0000000180025095e-35 0.022431551694564469 1.0000000180025095e-35 0.018947083501492629 0.8787180979442325 0.86012345679012359 0.011459932275409179 0.0093898783283371551 0.32255244755244761 0.89832354935376557 0.80090909090909101
decision_type=2 2 2 2 2 2 2 2 2 2 2 2 2 2
left_child=6 4 3 12 9 -5 -1 8 -4 -2 -11 -9 -3 -6
right_child=1 2 7 5 13 -7 -8 11 -10 10 -12 -13 -14 -15
leaf_value=-0.057007372714446128 -0.057393226014204463 -0.048962136088771056 0.031898190876595935 -0.0337499973600901 0.01972912501976383 0.017579599847796445 -0.0012955181146300464 0.040229798799987906 -0.047231160831465467 0.0087031387037409067 -0.03874965016027733 -0.052702333776240375 -0.0010157168233163054 -0.040763199640202558
leaf_weight=1111.5818591313655 222.53743110493087 122.95173568445171 653.96585301151208 68.45967249966634 134.45014244454796 1178.9567123321904 58.747306278935866 1258.552023913624 76.113100492817466 59.975271312345285 136.17137607889163 6.061376898083835 39.722814233900863 7.597793416476633
leaf_count=666914 266414 87582 17827 20067 8043 105148 3793 10029 4672 14289 67967 135 9952 3241
internal_value=1.04986e-10 0.0160523 0.0233042 0.00849698 -0.0277981 0.0146391 -0.0542282 0.0337243 0.0233835 -0.0423994 -0.0243845 0.0395786 -0.0376337 0.0152175
internal_weight=5135.84 3965.52 3404.78 1410.09 560.732 1247.42 1170.33 1994.69 730.079 418.684 196.147 1264.61 162.675 142.048
internal_count=1286073 615366 255412 222749 359954 125215 670707 32663 22499 348670 82256 10164 97534 11284
is_linear=0
shrinkage=0.05


Tree=16
num_leaves=15
num_cat=0
split_feature=3 9 9 9 7 5 3 5 12 12 6 3 7 4
split_gain=1681.78 481.99 390.351 411.942 196.228 117.401 111.269 64.243 52.555 38.4526 34.2525 16.1157 14.0282 12.5799
threshold=0.75536482424621221 0.85860931501109905 0.83999327877942653 0.83914845405209448 0.29166666666666669 0.013450445032757202 0.97226613828493991 0.018947083501492629 1.0000000180025095e-35 1.0000000180025095e-35 0.21775752008454094 0.67224703962416654 1.9166666666666667 0.11805555555555557
decision_type=2 2 2 2 2 2 2 2 2 2 2 2 2 2
left_child=7 2 3 4 -2 6 -3 -1 -8 10 -7 13 -13 -9
right_child=1 5 -4 -5 -6 9 8 11 -10 -11 -12 12 -14 -15
leaf_value=-0.05625014065234725 -0.057837555154729228 -0.054430550180706208 -0.081737766604093209 0.046484319003327335 -0.0032250222669056232 0.046529701043912158 0.019186010124966232 -0.052257956215995639 -0.069340048951771774 -0.050613252185064087 0.030938819693892464 -0.037536712966958735 0.030871056125056487 0.014301301419349422
leaf_weight=1075.7187043193553 221.12511272529082 53.094948069141537 156.86840454921185 346.27642009092961 605.76550289613806 546.76508637849474 772.87220399692887 15.706870220776183 12.33435890835244 8.7747044026473286 1202.9837153004191 4.9820391365792593 30.634423770476133 8.1065360178472456
leaf_count=666914 265109 17729 53002 5974 171263 3771 65685 2269 12228 6767 13838 412 758 354
internal_value=5.94348e-11 0.0155041 -0.0089512 0.00108693 -0.0180892 0.0280226 0.0125224 -0.0534666 0.0173655 0.0353553 0.0359294 -0.00262733 0.0178592 -0.0310501
internal_weight=5062.01 3926.86 1330.04 1173.17 826.891 2596.83 838.302 1135.15 785.207 1758.52 1749.75 59.4299 35.6165 23.8134
internal_count=1286073 615366 495348 442346 436372 120018 95642 670707 77913 24376 17609 3793 1170 2623
is_linear=0
shrinkage=0.05


Tree=17
num_leaves=15
num_cat=0
split_feature=3 9 5 5 5 5 9 5 6 9 2 12 3 4
split_gain=1596.14 441.129 170.551 126.016 115.508 107.991 122.649 43.7361 43.5581 33.2467 23.1193 22.2477 19.2083 16.1314
threshold=0.79228232716842617 0.81964459054494021 0.0057803492016298913 0.024317746240414963 0.01853387999776426 0.020994551425103421 0.87826463391680798 0.011586397842959775 0.22528893726000918 0.91742625495946184 1.0000000180025095e-35 1.0000000180025095e-35 0.67224703962416654 0.11805555555555557
decision_type=2 2 2 2 2 2 2 2 2 2 2 2 2 2
left_child=4 3 9 7 -1 6 -4 -2 -9 -3 13 -7 -12 -6
right_child=1 2 5 -5 10 11 -8 8 -10 -11 12 -13 -14 -15
leaf_value=-0.055106944487788384 -0.055658693257427831 -0.036587928267269886 -6.3944988520531405e-05 0.019093369140917884 -0.05635575000758878 0.036218315678420335 0.027269246783699616 0.0015868959038591148 -0.043154713707654557 0.011679664690786549 -0.040626398818170768 -0.041089278573383889 0.027585740817448787 0.019819572119540153
leaf_weight=1092.2583099645199 202.48030133599241 133.78818998702627 660.13561465690145 115.99718321950058 17.416245301341409 1367.7871609175927 1079.838353433006 100.53196559737262 112.66764655651787 45.299630326087936 7.6866708757879669 5.4515329397108863 60.768746603163891 7.0564568160334593
leaf_count=690290 257455 89903 95416 6086 2087 7879 39200 16226 67902 6603 1272 4019 1508 227
internal_value=-1.07257e-09 0.0157201 0.0225458 -0.0263627 -0.0505736 0.0252808 0.0169287 -0.0391236 -0.0225044 -0.0243932 0.00280344 0.0357635 0.0176824 -0.0347552
internal_weight=5009.16 3823.98 3292.3 531.677 1185.19 3113.21 1739.97 415.68 213.2 179.088 92.9281 1373.24 68.4554 24.4727
internal_count=1286073 590689 243020 347669 695384 146514 134616 341583 84128 96506 5094 11898 2780 2314
is_linear=0
shrinkage=0.05


Tree=18
num_leaves=15
num_cat=0
split_feature=3 9 7 9 9 5 2 12 5 2 12 8 9 9
split_gain=1489.23 431.598 172.991 150.704 160.46 132.128 98.6488 61.248 60.0982 37.5209 29.0368 28.8767 14.5567 15.2889
threshold=0.75536482424621221 0.83914845405209448 0.29166666666666669 0.82024390243902456 0.81964459054494021 0.015933461145348875 1.0000000180025095e-35 1.0000000180025095e-35 0.018947083501492629 1.0000000180025095e-35 1.0000000180025095e-35 0.20993866958013926 0.81964459054494021 0.81985595965002911
decision_type=2 2 2 2 2 2 2 2 2 2 2 2 2 2
left_child=8 2 -2 4 -4 6 -3 -8 -1 11 -11 -7 -10 -14
right_child=1 5 3 -5 -6 9 7 -9 12 10 -12 -13 13 -15
leaf_value=-0.054951980297664571 -0.056417944141527954 -0.041445244064671795 -0.012744717069076088 -0.06917816710408381 0.046714406599809341 0.013111932009344872 0.015654712594856578 -0.069844393664625443 -0.039382986232574017 0.033995130264623204 -0.045323965913090881 -0.059365751730180272 0.047098501227376563 -0.0088885931233688865
leaf_weight=1009.7071363599644 210.09548484321567 80.995216567265743 366.52958380689961 72.51353601795563 158.44404731676332 115.28300107523683 1130.8984176328013 16.481025330373086 14.177532237634294 1692.8198568936496 7.5196632498991667 10.544867580829303 14.168568420689551 30.129997460811865
leaf_count=666914 265109 30008 137282 30980 3001 2514 108982 16078 1776 14013 6076 1323 43 1974
internal_value=-1.54902e-11 0.0144616 -0.0179641 -0.00408655 0.00547226 0.0230499 0.0103113 0.0141289 -0.0521112 0.031567 0.0335125 0.0050013 -0.0025949 0.0119791
internal_weight=4930.31 3862.12 807.583 597.487 524.974 3054.54 1228.37 1147.38 1068.18 1826.17 1700.34 125.828 58.4761 44.2986
internal_count=1286073 615366 436372 171263 140283 178994 155068 125060 670707 23926 20089 3837 3793 2017
is_linear=0
shrinkage=0.05


Tree=19
num_leaves=15
num_cat=0
split_feature=3 9 5 5 2 12 5 5 9 9 9 5 4 9
split_gain=1403.05 399.687 159.809 115.993 100.912 90.7985 57.7295 37.7468 36.2517 32.5565 29.1553 17.7969 22.9433 15.9061
threshold=0.75536482424621221 0.81964459054494021 0.0058593936919800948 0.016775875470033032 1.0000000180025095e-35 1.0000000180025095e-35 0.018947083501492629 0.018947083501492629 0.80090909090909101 0.91742625495946184 0.79909090909090918 0.011459932275409179 0.0085107924090974969 0.91979137321978599
decision_type=2 2 2 2 2 2 2 2 2 2 2 2 2 2
left_child=6 3 9 11 7 -6 -1 -4 10 -3 -5 -2 -13 -11
right_child=1 2 4 8 5 -7 -8 -9 -10 13 -12 12 -14 -15
leaf_value=-0.054381669538879213 -0.054677790856104691 -0.035800557486707831 -0.031832427625147909 -0.0049845501398303677 0.026359427126452242 -0.066929780928296642 -0.0026975739769090398 0.010224687086995053 -0.052376572413126522 0.033607710813018367 0.034999091250028792 0.0033048601402925538 -0.042787677711228239 -0.02155679939550758
leaf_weight=976.13157704148398 197.8593443234131 139.95601766504842 99.834835682951962 119.02388440066716 2880.9196886427453 21.702036884540576 57.744884958374314 104.91860135259049 21.454884876089636 27.12339351324772 67.87111689899757 39.025925248351996 77.9280754006395 17.634292002796428
leaf_count=666914 266414 97078 23154 22346 104095 20684 3793 3172 11459 1864 5325 11047 43363 5365
internal_value=-2.02878e-10 0.0140108 0.0204644 -0.0264087 0.0231562 0.025548 -0.0515218 -0.0105517 0.002562 -0.0242357 0.0100692 -0.0453224 -0.0279023 0.011891
internal_weight=4849.13 3815.25 3292.09 523.163 3107.38 2902.62 1033.88 204.753 208.35 184.714 186.895 314.813 116.954 44.7577
internal_count=1286073 615366 255412 359954 151105 124779 670707 26326 39130 104307 27671 320824 54410 7229
is_linear=0
shrinkage=0.05


Tree=20
num_leaves=15
num_cat=0
split_feature=3 9 7 9 9 5 9 9 5 2 5 6 3 7
split_gain=1322.18 363.632 158.586 130.17 131.828 113.977 95.0992 204.709 54.1334 51.8425 31.7356 32.5378 13.7795 11.5972
threshold=0.75536482424621221 0.83914845405209448 0.29166666666666669 0.82024390243902456 0.81964459054494021 0.016775875470033032 0.87826463391680798 0.83999327877942653 0.018947083501492629 1.0000000180025095e-35 0.027263427818526507 0.2072395386058011 0.67224703962416654 1.9166666666666667
decision_type=2 2 2 2 2 2 2 2 2 2 2 2 2 2
left_child=8 2 -2 4 -4 6 7 -3 -1 -8 11 -7 -10 -14
right_child=1 5 3 -5 -6 10 9 -9 12 -11 -12 -13 13 -15
leaf_value=-0.053879874835924796 -0.0552535379006047 0.03961272825088346 -0.011868223017369797 -0.066639691188799297 0.041966617309298078 0.038681513195479328 -0.029712985132306427 -0.034130883228103447 -0.0299140212037277 0.022243716481823918 0.040460857485764862 0.019898990654341728 -0.0349169595871845 0.027858247692295276
leaf_weight=941.40758214469679 194.98114455306131 136.69555071683135 357.96491964502638 67.040187293925555 160.68952626953251 326.85015591222327 46.653229076306161 275.94774749749195 23.579769284668146 847.78390565843438 513.93217209227441 856.41940537746996 4.8053160449489942 29.524976368062198
leaf_count=666914 265109 5254 137282 30980 3001 2298 12402 87855 2623 52778 1762 16645 412 758
internal_value=4.76408e-10 0.0135167 -0.0168068 -0.00364834 0.00505234 0.0214113 0.0102572 -0.0095202 -0.0510076 0.0193836 0.0299461 0.0252282 -0.00374348 0.0157495
internal_weight=4784.28 3784.96 780.676 585.695 518.654 3004.28 1307.08 412.643 999.318 894.437 1697.2 1183.27 57.9101 34.3303
internal_count=1286073 615366 436372 171263 140283 178994 158289 93109 670707 65180 20705 18943 3793 1170
is_linear=0
shrinkage=0.05


Tree=21
num_leaves=15
num_cat=0
split_feature=3 9 5 5 5 6 5 9 5 4 3 9 5 12
split_gain=1256.99 348.794 142.872 100.635 91.6222 79.5172 51.9149 40.4762 34.4081 31.3005 18.2723 16.9039 15.8067 14.9035
threshold=0.75536482424621221 0.81964459054494021 0.0069711483581712122 0.022431551694564469 0.025413031140609298 0.22344846671144483 0.018947083501492629 0.87826463391680798 0.011459932275409179 0.0093898783283371551 0.97226613828493991 0.90118055555555554 0.0066373340707964615 1.0000000180025095e-35
decision_type=2 2 2 2 2 2 2 2 2 2 2 2 2 2
left_child=6 3 7 8 5 -4 -1 12 -2 -10 -9 -6 -3 -5
right_child=1 2 4 13 11 -7 -8 10 9 -11 -12 -13 -14 -15
leaf_value=-0.053412955991313453 -0.053612179824901574 -0.046092073867920753 0.02633148943483006 0.015100695932460703 0.042520022413882995 0.0072519235078220461 -0.0041883081343660825 -0.047412479760496583 0.0080490144516343603 -0.035654451654889639 0.0058531323315374143 0.025049805923348673 0.0032543041041297842 -0.048487062864038137
leaf_weight=913.72071303190751 186.45543918180192 89.921344293135917 1144.89693428998 132.18352426109777 529.08336836885428 1049.8566383310899 57.824037021491677 12.853251346896284 56.97892334331118 127.61777275426721 159.06837245255156 226.16242353763664 18.812092096064589 5.0487276813291819
leaf_count=666914 266414 86521 52443 8940 3506 72412 3793 6721 14289 67967 28661 705 4443 2344
internal_value=-7.99726e-10 0.0131772 0.019237 -0.0251509 0.0224799 0.017242 -0.0505197 -0.0146463 -0.0385422 -0.0223081 0.000643488 0.0374876 -0.0377869 0.0111391
internal_weight=4710.48 3738.94 3230.65 508.284 2950 2194.75 971.545 280.655 371.052 184.597 171.922 755.246 108.733 137.232
internal_count=1286073 615366 255412 359954 129066 124855 670707 126346 348670 82256 35382 4211 90964 11284
is_linear=0
shrinkage=0.05


Tree=22
num_leaves=15
num_cat=0
split_feature=3 9 7 5 9 9 7 9 5 0 5 4 3 2
split_gain=1183.29 334.218 139.859 115.661 113.1 112.058 97.6088 67.6593 49.4558 34.2815 19.2829 13.4606 13.1745 11.4243
threshold=0.75536482424621221 0.83914845405209448 0.29166666666666669 0.020994551425103421 0.82024390243902456 0.81964459054494021 1.0000000180025095e-35 0.87826463391680798 0.018947083501492629 1.5000000000000002 0.027263427818526507 0.013072453861927548 0.67224703962416654 1.0000000180025095e-35
decision_type=2 2 2 2 2 2 2 2 2 2 2 2 2 2
left_child=8 2 -2 6 5 -4 9 -8 -1 -3 11 -5 -10 -14
right_child=1 3 4 10 -6 -7 7 -9 12 -11 -12 -13 13 -15
leaf_value=-0.052958247780619618 -0.054186014309093491 -0.037916855785779233 -0.01219807336344355 0.048580803508100741 -0.064523598986792705 0.037630254075296271 -0.0010485214828795349 0.022095842982654046 -0.030048280449004844 0.020591389866069634 0.039723598005402261 0.024120859766623499 -0.035858510550642826 0.026641601764777062
leaf_weight=879.56871684277939 183.27601530942411 119.48474800843178 352.67822149894346 63.066990274382988 64.180438912342652 159.88098148425343 441.74103178969381 1098.5173960815882 24.003187565103872 27.913621544954367 494.58481229480822 697.71661347479676 4.6834630789235225 29.289474655583035
leaf_count=666914 265109 53155 137282 576 30980 3001 60116 49998 2623 6238 1762 7149 388 782
internal_value=-4.76027e-10 0.0127157 -0.0167633 0.020344 -0.00450759 0.0035581 0.0117404 0.0154762 -0.0500246 -0.0265248 0.0318178 0.0264525 -0.00484634 0.0145304
internal_weight=4640.59 3703.04 760.016 2943.03 576.74 512.559 1687.66 1540.26 937.545 147.398 1255.37 760.784 57.9761 33.9729
internal_count=1286073 615366 436372 178994 171263 140283 169507 110114 670707 59393 9487 7725 3793 1170
is_linear=0
shrinkage=0.05


Tree=23
num_leaves=15
num_cat=0
split_feature=3 9 7 5 9 9 2 6 5 6 2 7 4 9
split_gain=1122.79 316.008 129.741 113.386 97.4711 102.007 90.2618 84.1945 46.7854 26.8582 15.6603 22.3254 14.8809 12.7905
threshold=0.75536482424621221 0.83914845405209448 0.29166666666666669 0.020994551425103421 0.82024390243902456 0.81964459054494021 1.0000000180025095e-35 0.32308117642730172 0.018947083501492629 0.29317468365012278 1.0000000180025095e-35 2.2916666666666674 0.011299795709908071 0.81964459054494021
decision_type=2 2 2 2 2 2 2 2 2 2 2 2 2 2
left_child=8 2 -2 6 5 -4 9 -8 -1 -3 11 -5 -12 -10
right_child=1 3 4 10 -6 -7 7 -9 13 -11 12 -13 -14 -15
leaf_value=-0.052546346156299155 -0.053543590536152541 -0.044012422404942735 -0.012727148519518639 -0.042502683407726893 -0.062711802310543241 0.034589596858071267 0.018840792029113804 -0.017189828885609652 -0.039163285505084217 0.0047528606307885735 -0.026844636471076114 0.021064941318492895 0.033215012933694769 0.0087391652189477455
leaf_weight=850.28976400140527 175.08473348769985 84.919880976012792 351.66997994129633 12.486766764428465 59.65087792911072 162.37478304089746 1368.4828325955896 179.89252659727936 14.731452414795056 39.843099160261772 6.9146020575135472 62.69152776550618 1151.8017501219147 43.176690505555598
leaf_count=666914 265109 26097 137282 558 30980 3001 119968 17183 1776 6259 178 931 7820 2017
internal_value=4.1836e-10 0.0123727 -0.0165124 0.0198283 -0.00484596 0.00240834 0.0112951 0.0146128 -0.0495994 -0.0288561 0.031307 0.00851457 0.0327428 -0.00559108
internal_weight=4564.01 3655.81 748.78 2907.03 573.696 514.045 1673.14 1548.38 908.198 124.763 1233.89 75.1783 1158.72 57.9081
internal_count=1286073 615366 436372 178994 171263 140283 169507 137151 670707 32356 9487 1489 7998 3793
is_linear=0
shrinkage=0.05


Tree=24
num_leaves=15
num_cat=0
split_feature=3 9 5 3 5 9 9 9 9 5 5 6 7 6
split_gain=1060.99 296.862 148.326 98.5844 87.6662 60.9311 52.7204 175.394 75.5802 45.3475 38.6089 29.0232 16.1876 12.8305
threshold=0.75536482424621221 0.81964459054494021 0.014181256723853135 0.97226613828493991 0.025413031140609298 0.91742625495946184 0.89832354935376557 0.88029508833236281 0.89993270944637238 0.018947083501492629 0.011586397842959775 0.22528893726000918 2.0833333333333335 0.3588502965882277
decision_type=2 2 2 2 2 2 2 2 2 2 2 2 2 2
left_child=9 4 3 12 10 -5 7 -4 -8 -1 -2 -12 -3 -6
right_child=1 2 6 5 13 -7 8 -9 -10 -11 11 -13 -14 -15
leaf_value=-0.052168990537633846 -0.052049615749819644 -0.057715143137769244 0.024245028574754454 0.00023648271556687809 0.027474015331475133 0.025994442157010158 0.053936836837229545 -0.050303856562915389 0.023440720562225143 -0.0056670775401372279 -0.00018053987007436408 -0.036323707847150229 -0.015227682481161462 -0.016227174268468213
leaf_weight=819.92817141125852 172.81936578806199 61.246855199515267 991.5927574182133 754.72841984681145 74.795964853838086 325.02870563873148 330.29569689539494 81.04041179541673 555.10916308662854 57.37120450110524 101.81623343483079 117.34766348019912 40.946439503139118 17.691761522728484
leaf_count=666914 268044 30954 33350 156609 1425 12660 1386 5122 5149 3793 16799 71427 10182 2259
internal_value=4.82196e-10 0.0119547 0.0175784 0.00356836 -0.0243012 0.00807423 0.0260048 0.0184054 0.0350561 -0.0491773 -0.0345577 -0.0199113 -0.0421958 0.018711
internal_weight=4501.76 3624.46 3139.99 1181.95 484.471 1079.76 1958.04 1072.63 885.405 877.299 391.983 219.164 102.193 92.4877
internal_count=1286073 615366 255412 210405 359954 169269 45007 38472 6535 670707 356270 88226 41136 3684
is_linear=0
shrinkage=0.05


Tree=25
num_leaves=15
num_cat=0
split_feature=3 9 9 9 9 5 3 5 9 1 12 3 5 2
split_gain=1009.21 290.845 306.84 260.12 286.892 75.3323 57.4761 42.9313 38.8956 27.5188 23.8991 12.303 10.3036 9.93842
threshold=0.75536482424621221 0.87826463391680798 0.86012345679012359 0.85860931501109905 0.83999327877942653 0.013269933629633853 0.97226613828493991 0.018947083501492629 0.91994293951976236 0.32255244755244761 1.0000000180025095e-35 0.67224703962416654 0.0051283678767017398 1.0000000180025095e-35
decision_type=2 2 2 2 2 2 2 2 2 2 2 2 2 2
left_child=7 2 3 4 -2 6 -3 -1 -8 10 -7 -9 -5 -13
right_child=1 5 -4 12 -6 9 8 11 -10 -11 -12 13 -14 -15
leaf_value=-0.051803477653596136 0.00056925430051330494 -0.049257648790980386 -0.078655411085286314 -0.023628615931396275 -0.074640817620233571 0.032593338693140468 0.01988185125284225 -0.030347272811959571 -0.012189963447625806 -0.049457679865753681 -0.041962420512981491 -0.034234188290584715 0.043101903813635892 0.024308615113408857
leaf_weight=793.47822875982092 1044.1399011141075 32.95626232730865 122.12733274180937 2.9396373274212229 139.31043912191672 1290.7011634098599 523.33141825199709 24.534928636770928 111.58148810414423 6.1949662303086361 6.7749413062847443 4.5925039055873631 313.71215979797853 28.55715441214852
leaf_count=666914 442346 11043 35349 3481 53002 10975 40130 2623 7486 187 4507 388 6860 782
internal_value=-5.16501e-10 0.0116076 -0.00407071 0.00224256 -0.00856091 0.0244857 0.0107204 -0.0487909 0.0141942 0.0314697 0.0320444 -0.00652422 0.0421247 0.0127743
internal_weight=4444.93 3593.77 1622.23 1500.1 1183.45 1971.54 667.869 851.163 634.913 1303.67 1297.48 57.6846 316.652 33.1497
internal_count=1286073 615366 541038 505689 495348 74328 58659 670707 47616 15669 15482 3793 10341 1170
is_linear=0
shrinkage=0.05


Tree=26
num_leaves=15
num_cat=0
split_feature=2 9 5 5 12 10 5 9 6 6 5 6 4 4
split_gain=984.678 305.992 145.281 109.471 94.7449 87.1112 85.7283 35.5248 32.2484 30.8878 30.4628 48.009 21.0187 14.0878
threshold=1.0000000180025095e-35 0.81964459054494021 0.0069126871662119017 0.018947083501492629 1.0000000180025095e-35 1.0000000180025095e-35 0.024317746240414963 0.87826463391680798 0.31129354638152201 0.3822353922291864 0.011459932275409179 0.22528893726000918 0.41666666666666669 0.0057971501545906719
decision_type=2 2 2 2 2 2 2 2 2 2 2 2 2 2
left_child=3 6 7 -1 5 -4 10 -3 12 -8 -2 -12 -5 -9
right_child=1 2 4 8 -6 -7 9 13 -10 -11 11 -13 -14 -15
leaf_value=-0.051161137946228834 -0.050353820612371307 -0.037522653426132285 0.024236474812068563 -0.048573769603638156 -0.066188549811751707 -0.041991311107078051 0.025628717961320841 0.0034438588972466573 0.013456976223947651 -0.052250983762788361 0.0060200982869471073 -0.044993826670267273 0.020111249213569327 -0.041208938148538016
leaf_weight=830.22015106366234 184.96489466975254 106.6473890556299 2622.3001291102555 42.2151543705113 25.415432101290207 46.234178430975589 88.724959670027602 159.98127559500426 93.222375800265581 9.9899140935449378 86.901902279940259 90.822812317084754 11.502343641128389 14.787568021376499
leaf_count=618788 296717 104527 97873 2902 21739 10117 2634 34794 5984 2639 15677 64828 139 6715
internal_value=-7.71716e-10 0.0126012 0.0184794 -0.0441584 0.02205 0.0230126 -0.0250959 -0.0154899 -0.00421061 0.0156083 -0.0362361 -0.0205674 -0.0334063 -0.00137539
internal_weight=4413.93 3436.77 2975.37 977.16 2693.95 2668.53 461.404 281.416 146.94 98.7149 362.69 177.725 53.7175 174.769
internal_count=1286073 658260 275765 627813 129729 107990 382495 146036 9025 5273 377222 80505 3041 41509
is_linear=0
shrinkage=0.05


Tree=27
num_leaves=15
num_cat=0
split_feature=3 9 7 5 9 9 9 9 9 5 4 9 4 4
split_gain=923.979 295.03 122.17 109.621 102.589 216.865 95.7651 99.2227 43.3587 24.1331 24.9853 11.229 10.17 5.64969
threshold=0.72003785187676572 0.83914845405209448 0.29166666666666669 0.018136242039617761 0.91742625495946184 0.89993270944637238 0.82024390243902456 0.81964459054494021 0.91979137321978599 0.025413031140609298 0.033908045977011504 0.90118055555555554 0.11805555555555557 0.13392857142857145
decision_type=2 2 2 2 2 2 2 2 2 2 2 2 2 2
left_child=12 2 -2 4 5 -3 7 -4 -6 10 -5 -11 -1 -14
right_child=1 3 6 9 8 -7 -8 -9 -10 11 -12 -13 13 -15
leaf_value=-0.050847860941694745 -0.052593342009540335 0.0056435917032641647 -0.013522052353009732 0.028948369452630462 0.042462512223457982 -0.082638035076029293 -0.061331411112886293 0.032717846390886117 0.011004898655687129 0.039247840805374384 0.010467536278750857 0.023843602564770826 0.024306084985888772 -0.028769381496739899
leaf_weight=742.94425049703568 178.65354082240083 890.35000339330873 350.48243151854695 449.84644597553415 231.94737320004788 70.42609311992419 63.448451287084026 167.2356352066563 212.39982285588485 460.59421812920482 319.94501140736975 202.57697317100246 5.8355751728522574 4.3326920333201997
leaf_count=642589 280362 140568 140593 6717 5237 12033 31918 3132 12005 2608 6632 720 166 793
internal_value=-1.05545e-10 0.0105572 -0.0170349 0.0179612 0.00799488 -0.00122189 -0.00574873 0.00158465 0.0277154 0.0276721 0.0213844 0.034756 -0.0501726 -0.000337901
internal_weight=4351.02 3597.91 759.82 2838.09 1405.12 960.776 581.167 517.718 444.347 1432.96 769.791 663.171 753.113 10.1683
internal_count=1286073 642525 456005 186520 169843 152601 175643 143725 17242 16677 13349 3328 643548 959
is_linear=0
shrinkage=0.05


Tree=28
num_leaves=15
num_cat=0
split_feature=2 9 5 5 9 9 5 9 9 5 6 6 6 4
split_gain=892.121 275.363 132.198 103.637 93.8109 307.443 77.9999 77.7479 33.9247 29.3383 42.6559 26.565 21.0077 15.34
threshold=1.0000000180025095e-35 0.81964459054494021 0.0069126871662119017 0.018947083501492629 0.8979068407205465 0.88029508833236281 0.024317746240414963 0.89993270944637238 0.87826463391680798 0.011459932275409179 0.22528893726000918 0.3822353922291864 0.31129354638152201 0.41666666666666669
decision_type=2 2 2 2 2 2 2 2 2 2 2 2 2 2
left_child=3 6 8 -1 5 -4 9 -6 -3 -2 -11 -8 13 -5
right_child=1 2 4 12 7 -7 11 -9 -10 10 -12 -13 -14 -15
leaf_value=-0.050381297901345649 -0.049652696288590092 -0.036893170784424223 0.017965781449936657 -0.043100009004796422 0.04841540687746429 -0.081238295706327165 0.023612242608153169 0.021722316987711012 -0.0012758613330441635 0.004909020507184469 -0.043699252746146118 -0.049819244988637532 0.0096882706377241015 0.016530679986299774
leaf_weight=784.14994703866614 175.24182996216769 103.78535272453519 1342.2345386606758 37.805338772552204 425.85582237651397 77.990621423181437 88.612237071298296 791.47553191187762 174.42432211789128 87.063909066411725 86.729063298389519 9.4286484734111564 94.625915943121072 11.422609560540876
leaf_count=618788 296717 104527 95095 2902 5448 12540 2634 16646 41509 15677 64828 2639 5984 139
internal_value=4.25366e-10 0.0119859 0.0175917 -0.0432652 0.0210491 0.0122522 -0.0243642 0.0312201 -0.0149796 -0.0353243 -0.019892 0.0144755 -0.00408609 -0.0290152
internal_weight=4290.85 3362.84 2915.77 928.004 2637.56 1420.23 447.076 1217.33 278.21 349.035 173.793 98.0409 143.854 49.2279
internal_count=1286073 658260 275765 627813 129729 107635 382495 22094 146036 377222 80505 5273 9025 3041
is_linear=0
shrinkage=0.05


Tree=29
num_leaves=15
num_cat=0
split_feature=2 9 9 9 9 5 12 1 10 3 9 4 4 6
split_gain=843.244 285.918 246.25 209.333 236.314 97.4245 77.2605 47.636 42.1936 34.6655 23.3572 15.4128 12.4158 8.66242
threshold=1.0000000180025095e-35 0.87826463391680798 0.86012345679012359 0.85860931501109905 0.83999327877942653 0.013269933629633853 1.0000000180025095e-35 1.0000000180025095e-35 1.0000000180025095e-35 0.88974513662052768 0.79909090909090918 0.11805555555555557 0.030776515151515155 0.34747880488492794
decision_type=2 2 2 2 2 2 2 2 2 2 2 2 2 2
left_child=5 2 3 4 -2 -1 7 8 -3 11 -11 -7 -12 -5
right_child=1 6 -4 13 -6 9 -8 -9 -10 10 12 -13 -14 -15
leaf_value=-0.05206493669890614 -0.00013600340899971855 0.027939747621676142 -0.074203838233721758 0.042380354988330787 -0.070994934518945882 -0.056125631781037549 -0.062866356954412547 -0.050857506656760712 -0.029685402797290646 -0.051814898864370601 0.021176403326072717 0.0058856767359365403 -0.0073628380382162878 0.017819299756656456
leaf_weight=682.41688372702629 984.98595370903422 1750.6031595794993 111.63845026126 243.38905752936989 128.62858845411392 46.976495567396341 20.127235048581497 15.472708790970499 28.482033808482811 14.790959168531115 66.131724765175022 11.31087995720736 78.085691125728772 54.255476815727889
leaf_count=595568 470626 51657 38293 10145 56218 14778 17263 3651 9419 6073 5552 644 5198 988
internal_value=-7.50201e-10 0.0115906 -0.00438112 0.00138471 -0.00860135 -0.0428229 0.0249693 0.0261264 0.0269366 -0.0132801 -0.000798124 -0.0445778 0.00599506 0.0382717
internal_weight=4237.3 3337.58 1522.9 1411.26 1113.61 899.713 1814.69 1794.56 1779.09 217.296 159.008 58.2874 144.217 297.645
internal_count=1286073 658260 576270 537977 526844 627813 81990 64727 61076 32245 16823 15422 10750 11133
is_linear=0
shrinkage=0.05


Tree=30
num_leaves=15
num_cat=0
split_feature=3 9 5 7 9 9 7 12 0 2 7 9 5 5
split_gain=810.734 279.233 111.572 109.319 89.548 94.0953 84.2667 55.7883 25.3424 19.6922 18.1218 17.8387 11.234 3.88044
threshold=0.72003785187676572 0.83914845405209448 0.020994551425103421 0.29166666666666669 0.82024390243902456 0.81964459054494021 1.0000000180025095e-35 1.0000000180025095e-35 1.5000000000000002 1.0000000180025095e-35 2.2916666666666674 0.90118055555555554 0.02041521262421514 0.021638653831555329
decision_type=2 2 2 2 2 2 2 2 2 2 2 2 2 2
left_child=12 3 6 -2 5 -5 8 -8 -3 10 -4 -11 -1 -14
right_child=1 2 9 4 -6 -7 7 -9 -10 11 -12 -13 13 -15
leaf_value=-0.050298132294481102 -0.051783589437376036 -0.036489043641720599 -0.041930364048417344 -0.01406820396662967 -0.060153600294616763 0.031270949578170976 0.013567532171846978 -0.063567165479832585 0.014772873738684142 0.035400790203671852 0.015677140292907472 0.020487495901979728 0.0081741977047423801 -0.027600262061353565
leaf_weight=672.70138737373782 170.35821634735839 119.10426539798209 12.30473869218258 350.60967212684773 63.936196785216453 163.7360789233353 1469.9395792910364 18.952446938972571 26.994850226401468 732.13456713221967 60.131042571534635 312.87085584312445 11.381764763485991 10.543841502920257
leaf_count=641689 280362 56305 574 140593 31918 3132 97555 16127 6890 6525 951 1593 746 1113
internal_value=-2.77197e-10 0.00980648 0.0171667 -0.0171882 -0.00664003 0.000527102 0.0088006 0.0123762 -0.0268419 0.0293138 0.00381574 0.0310546 -0.0491436 -0.0109601
internal_weight=4195.7 3501.07 2752.43 748.64 578.282 514.346 1634.99 1488.89 146.099 1117.44 72.4358 1045.01 694.627 21.9256
internal_count=1286073 642525 186520 456005 175643 143725 176877 113682 63195 9643 1525 8118 643548 1859
is_linear=0
shrinkage=0.05


Tree=31
num_leaves=15
num_cat=0
split_feature=3 9 5 5 9 9 9 9 9 12 5 5 9 9
split_gain=769.662 256.991 106.366 105.808 82.2932 159.553 66.0104 78.5436 34.8558 21.7847 17.7245 10.9625 10.0892 46.5177
threshold=0.72003785187676572 0.83914845405209448 0.019428789516226463 0.011459932275409179 0.8979068407205465 0.88029508833236281 0.82024390243902456 0.81964459054494021 0.89993270944637238 1.0000000180025095e-35 0.025413031140609298 0.02041521262421514 0.81964459054494021 0.8199828281039524
decision_type=2 2 2 2 2 2 2 2 2 2 2 2 2 2
left_child=11 3 4 12 5 -3 7 -5 -6 10 -4 -1 -2 -14
right_child=1 2 9 6 8 -7 -8 -9 -10 -11 -12 -13 13 -15
leaf_value=-0.050040534828206855 -0.050406708258519686 0.0036752879774776155 0.021599596533898986 -0.010109719569878198 0.035289701781281074 -0.07159612973038941 -0.057276453643760987 0.03604798753837736 0.011895685400770755 -0.042771328685403197 0.034125158952461529 -0.011084225753228498 0.015737366321532133 -0.054721298889982763
leaf_weight=647.75527438117206 162.11223960188363 666.25189605377091 603.73942975717364 312.36194191856339 228.43636676293681 73.670894349132141 45.010195787363045 124.93467233979027 530.21435013485461 6.7229281974723554 615.93694804026745 21.932653268260765 36.435639482384431 52.612705025658215
leaf_count=641689 280246 111957 6685 95490 8578 23185 17840 1683 29789 4263 2063 1859 1997 58749
internal_value=1.10913e-10 0.00951734 0.0165847 -0.0166739 0.00760798 -0.00424942 -0.00285029 0.00333587 0.0191248 0.0274782 0.0280385 -0.0488563 -0.0426456 -0.026588
internal_weight=4128.13 3458.44 2724.97 733.467 1498.57 739.923 482.307 437.297 758.651 1226.4 1219.68 669.688 251.161 89.0483
internal_count=1286073 642525 186520 456005 173509 135142 115013 97173 38367 13011 8748 643548 340992 60746
is_linear=0
shrinkage=0.05


Tree=32
num_leaves=15
num_cat=0
split_feature=3 9 9 9 9 5 12 9 9 9 5 5 5 7
split_gain=730.192 247.889 215.065 183.46 221.06 64.5433 43.9115 32.8261 17.8007 20.3094 10.6029 9.19491 4.95884 3.57968
threshold=0.72003785187676572 0.87826463391680798 0.86012345679012359 0.85860931501109905 0.83999327877942653 0.0058593936919800948 1.0000000180025095e-35 0.88029508833236281 0.88029508833236281 0.91742625495946184 0.02041521262421514 0.0051283678767017398 0.0028417471171895956 0.22500000000000003
decision_type=2 2 2 2 2 2 2 2 2 2 2 2 2 2
left_child=10 2 3 4 -2 8 7 -7 12 -10 -1 -5 -3 -12
right_child=1 5 -4 11 -6 6 -8 -9 9 -11 13 -13 -14 -15
leaf_value=-0.049774190039982048 -0.0013890645240029855 -0.021352081948159105 -0.07151025871413097 -0.024467602671872719 -0.069091158610146072 0.037479784312140309 -0.053016483178684383 0.020748231079201221 -0.049436938822562108 -0.0019063757729458253 0.012737156860368122 0.035231618704760083 0.02599213760786195 -0.02288469072968459
leaf_weight=623.61760231204607 1007.7237784509016 2.8591332367504974 109.55801192745275 3.2847683864601995 131.99328963500011 385.80390618488309 13.921739317316677 1361.0892194346015 39.96998968191474 45.764476591786661 6.9828301211819079 295.96627801949217 23.98465096601285 14.852005785302024
leaf_count=641689 462262 364 36688 3572 55360 5415 11963 29412 19394 7482 255 7152 3461 1604
internal_value=-4.23199e-10 0.00921837 -0.00557636 -0.000326145 -0.00949734 0.0214298 0.0237783 0.0245398 -0.0147509 -0.0255686 -0.0485671 0.034185 0.0183886 -0.0112421
internal_weight=4067.37 3421.92 1548.53 1438.97 1139.72 1873.39 1760.81 1746.89 112.578 85.7345 645.452 299.251 26.8438 21.8348
internal_count=1286073 642525 565034 528346 517622 77491 46790 34827 30701 26876 643548 10724 3825 1859
is_linear=0
shrinkage=0.05


Tree=33
num_leaves=15
num_cat=0
split_feature=3 9 5 7 9 9 7 9 0 9 9 9 5 7
split_gain=697.149 245.795 102.747 100.757 75.7966 84.0232 69.4834 49.1612 24.1879 17.0501 244.546 31.3855 10.236 3.40529
threshold=0.72003785187676572 0.83914845405209448 0.020994551425103421 0.29166666666666669 0.82024390243902456 0.81964459054494021 1.0000000180025095e-35 0.95723369742669007 1.0000000180025095e-35 0.90118055555555554 0.91742625495946184 0.89832354935376557 0.02041521262421514 0.22500000000000003
decision_type=2 2 2 2 2 2 2 2 2 2 2 2 2 2
left_child=12 3 6 -2 5 -5 8 -8 -3 11 -11 -4 -1 -14
right_child=1 2 9 4 -6 -7 7 -9 -10 10 -12 -13 13 -15
leaf_value=-0.049537489320890971 -0.05111815713297703 -0.046884043053932407 0.025327374274772399 -0.01393741166713555 -0.058239932654982854 0.029434107153756502 0.0090718782892905189 0.051603419051050238 -0.0055055442665201786 -0.089214867929347713 0.035117004358154812 0.048621718522539326 0.012044353147552625 -0.022804881610890865
leaf_weight=603.07212755837099 160.35155298631071 63.082737244156306 535.03829457664688 347.58279357281572 58.299409300692787 158.42898362397682 1397.3555994059425 66.782101686490932 76.554610636121652 41.178932408831315 275.44371365316329 210.59666004352039 6.9687879360280958 14.872760513884712
leaf_count=641689 280362 27576 7270 140593 31918 3132 113090 592 35619 668 1206 499 255 1604
internal_value=2.6838e-10 0.00896176 0.0159766 -0.0167786 -0.00665762 -0.000202941 0.00794717 0.0111808 -0.0251733 0.0280054 0.0178112 0.0321867 -0.0483104 -0.0115135
internal_weight=4015.61 3390.7 2666.03 724.663 564.311 506.012 1603.78 1464.14 139.637 1062.26 316.623 745.635 624.914 21.8415
internal_count=1286073 642525 186520 456005 175643 143725 176877 113682 63195 9643 1874 7769 643548 1859
is_linear=0
shrinkage=0.05


Tree=34
num_leaves=15
num_cat=0
split_feature=2 9 5 5 5 9 9 9 9 9 6 4 4 5
split_gain=687.184 228.419 102.92 92.0582 88.4893 75.0917 140.221 52.5183 61.6526 33.9216 23.9208 11.8766 11.3099 10.7111
threshold=1.0000000180025095e-35 0.83914845405209448 0.011459932275409179 0.020994551425103421 0.018947083501492629 0.8979068407205465 0.88029508833236281 0.82024390243902456 0.81964459054494021 0.89993270944637238 0.31129354638152201 0.41666666666666669 0.013423423423423427 0.027263427818526507
decision_type=2 2 2 2 2 2 2 2 2 2 2 2 2 2
left_child=4 2 -2 5 -1 6 -3 8 -4 -7 11 12 -6 -5
right_child=1 3 7 13 10 9 -8 -9 -10 -11 -12 -13 -14 -15
leaf_value=-0.048647790190840444 -0.04157777567069932 0.005188701802826802 -0.0082608866217931867 0.0247867075138508 0.016635624760237621 0.035130434941173974 -0.0690283752849042 -0.054149530045680488 0.03432177362336257 0.012903405224012655 0.011350289958608883 0.012088266016695232 -0.052280227404966899 0.036316559832016364
leaf_weight=665.82570244700401 236.59797361545498 664.70482602878474 270.42253653698208 601.36493507964769 4.6345830495993132 257.05829785520473 65.329066794525716 36.556454003279214 118.08471734930936 529.24725913967268 87.388085987186059 10.398713399423285 32.818220875647967 375.33849319562432
leaf_count=618788 361004 119375 85778 7035 239 9779 24297 15292 1647 32598 5984 139 2663 1455
internal_value=1.58383e-09 0.0105125 -0.0155193 0.0174386 -0.0412079 0.0096757 -0.0018772 -0.000699922 0.00495353 0.0203459 -0.0041507 -0.0308548 -0.0427974 0.0293799
internal_weight=3955.77 3154.7 661.662 2493.04 801.065 1516.34 730.034 425.064 388.507 786.306 135.24 47.8515 37.4528 976.703
internal_count=1286073 658260 463721 194539 627813 186049 143672 102717 87425 42377 9025 3041 2902 8490
is_linear=0
shrinkage=0.05


Tree=35
num_leaves=15
num_cat=0
split_feature=3 5 9 5 9 9 5 9 9 9 9 9 12 4
split_gain=650.155 172.092 157.203 89.995 72.8713 167.7 58.1013 56.4415 46.1116 37.7445 23.845 23.1669 17.3506 17.2404
threshold=0.86434448284919141 0.016480225722681287 0.81964459054494021 0.02041521262421514 0.91742625495946184 0.89993270944637238 0.011586397842959775 0.8979068407205465 0.80090909090909101 0.79909090909090918 0.89912338335984521 0.91979137321978599 1.0000000180025095e-35 0.0067797389225960668
decision_type=2 2 2 2 2 2 2 2 2 2 2 2 2 2
left_child=1 -1 6 4 5 -4 -2 13 9 -8 -9 -6 -5 -3
right_child=2 7 3 12 11 -7 8 10 -10 -11 -12 -13 -14 -15
leaf_value=-0.048874944938692946 -0.047891805043352845 0.028991963347697609 0.0060150810758143169 0.027957944724775141 0.035608251620422478 -0.079880094995219822 -0.011147402536831153 0.049551076361481101 -0.052762029334222554 0.029561080085273403 0.0023851094766335489 0.012375252299230338 -0.039421756029778827 -0.028102175150228139
leaf_weight=695.11573125635914 110.47349295766617 10.931868472409404 1079.9795626111081 1005.4332143646025 243.03919751924695 54.96684050867043 162.08514688167634 53.570441826770548 39.041659701157187 81.430076968827052 50.373485377902398 203.08892287546769 5.4847202953751539 105.18028241261345
leaf_count=731159 233211 731 186106 7974 4705 9794 48131 250 25798 11026 1650 10283 4156 11099
internal_value=1.91123e-10 -0.0367521 0.0113104 0.0157797 0.0082868 0.00152295 -0.0179925 0.00177685 -0.00567306 0.00278615 0.0278519 0.0252864 0.0274002 -0.0217518
internal_weight=3900.19 915.172 2985.02 2591.99 1581.07 1134.95 393.03 220.056 282.557 243.515 103.944 446.128 1010.92 116.112
internal_count=1286073 744889 541184 223018 210888 195900 318166 13730 84955 59157 1900 14988 12130 11830
is_linear=0
shrinkage=0.05


Tree=36
num_leaves=15
num_cat=0
split_feature=2 9 5 3 5 6 9 12 9 9 6 9 3 9
split_gain=622.234 214.849 145.283 83.0611 82.0207 73.2023 58.0521 54.1018 43.8569 318.464 42.7963 40.2386 28.4319 19.2887
threshold=1.0000000180025095e-35 0.87912638030957113 0.01853387999776426 0.86434448284919141 0.013269933629633853 0.19914143983349539 0.86012345679012359 1.0000000180025095e-35 0.88029508833236281 0.8979068407205465 0.22344846671144483 0.85906503250714794 0.88974513662052768 0.79909090909090918
decision_type=2 2 2 2 2 2 2 2 2 2 2 2 2 2
left_child=4 2 3 -2 -1 -5 11 8 -3 -10 -8 -4 -6 -14
right_child=1 7 6 5 12 -7 10 -9 9 -11 -12 -13 13 -15
leaf_value=-0.050525026262413758 -0.049489092873327062 0.041146847929528718 0.011089014652930322 0.0033658534061254534 -0.042731751727979064 -0.030062953432662406 0.020876275608358152 -0.05646244935788032 -0.07283358935388258 0.025967678662872137 -0.061302728243979122 0.041349302142724045 -0.048730642111601274 0.0050859501496955803
leaf_weight=551.26924198255438 158.57234062743737 288.11979099300515 429.15324353423784 417.51704697215609 52.678146727674175 263.5288989657638 22.219298696727492 16.835624872139306 82.555692045760225 1228.6585853198267 36.979626776388614 145.61672870270559 13.896294636244418 135.26956770873949
leaf_count=595568 183247 7082 33288 210398 15422 149263 347 16633 21967 32847 2418 770 6073 10750
internal_value=-4.45001e-10 0.00994509 -0.00386091 -0.0174584 -0.0405977 -0.00969416 0.0141431 0.0225062 0.0235108 0.019494 -0.0312346 0.0190459 -0.0129185 -0.00134546
internal_weight=3842.87 3089.76 1473.59 839.618 753.113 681.046 633.969 1616.17 1599.33 1311.21 59.1989 574.77 201.844 149.166
internal_count=1286073 658260 579731 542908 627813 359661 36823 78529 61896 54814 2765 34058 32245 16823
is_linear=0
shrinkage=0.05


Tree=37
num_leaves=15
num_cat=0
split_feature=2 9 9 5 9 5 12 5 9 1 3 9 4 6
split_gain=591.475 207.182 169.633 144.105 82.0944 78.6811 50.5028 41.2046 31.2537 26.2064 25.2964 16.5528 15.7929 12.1843
threshold=1.0000000180025095e-35 0.87826463391680798 0.86012345679012359 0.0080745871609022492 0.85860931501109905 0.013269933629633853 1.0000000180025095e-35 0.0073418221389305446 0.85860931501109905 1.0000000180025095e-35 0.88974513662052768 0.79909090909090918 0.0057971501545906719 0.29317468365012278
decision_type=2 2 2 2 2 2 2 2 2 2 2 2 2 2
left_child=5 2 3 8 -5 -1 7 12 -2 -9 -7 -12 -3 -13
right_child=1 6 -4 4 -6 10 -8 9 -10 -11 11 13 -14 -15
leaf_value=-0.050246702334141038 -0.042175469427443796 0.0056298249235906261 -0.067417587381541286 0.00016118451426496452 0.0326754748558764 -0.041810764319963348 -0.055216801520861281 0.025898760094976075 0.015265021441788491 -0.044660020122356536 -0.047037937959301557 -0.01642786640038299 -0.041186719959476488 0.014019798658872632
leaf_weight=531.37572919034574 199.97395759036954 189.92239017296743 94.933548580916977 813.61214212785126 249.99568031205854 50.727217572559312 16.630282505473588 1448.1309703355037 24.226174455161527 8.9334225128404778 13.208638326083017 45.269557074381737 14.852735874002972 90.437325079496077
leaf_count=595568 326331 31785 38293 200513 4908 15422 17263 25285 6225 1424 6073 3156 6233 7594
internal_value=5.12134e-10 0.0096619 -0.00466366 0.000205226 0.00792064 -0.0402509 0.0214422 0.0223727 -0.0357711 0.0253149 -0.0130682 -0.00223698 0.00133338 0.00364012
internal_weight=3792.23 3061.21 1382.74 1287.81 1063.61 731.018 1678.47 1661.84 224.2 1457.06 199.643 148.916 204.775 135.707
internal_count=1286073 658260 576270 537977 205421 627813 81990 64727 332556 26709 32245 16823 38018 10750
is_linear=0
shrinkage=0.05


Tree=38
num_leaves=15
num_cat=0
split_feature=2 9 7 5 5 9 9 9 9 10 3 9 12 4
split_gain=559.132 200.04 86.233 76.9702 75.7918 64.6851 147.085 61.5627 66.6737 40.6101 25.1573 15.7633 12.4918 12.3469
threshold=1.0000000180025095e-35 0.83914845405209448 0.29166666666666669 0.013269933629633853 0.020994551425103421 0.87826463391680798 0.83999327877942653 0.82024390243902456 0.81964459054494021 1.0000000180025095e-35 0.88974513662052768 0.79909090909090918 1.0000000180025095e-35 0.11805555555555557
decision_type=2 2 2 2 2 2 2 2 2 2 2 2 2 2
left_child=3 2 -2 -1 5 6 -3 8 -4 -7 13 -12 -6 -5
right_child=1 4 7 10 12 9 -8 -9 -10 -11 11 -13 -14 -15
leaf_value=-0.049991951262402724 -0.049521119716951729 0.037756019699699335 -0.012661784690956758 -0.053277291712278567 0.027746016533053183 0.017057480980666406 -0.025923200080802386 -0.054872454737307674 0.027879672365708881 -0.049036967457583978 -0.046280133277742719 0.0036066047333119982 -0.033191173908502902 0.004771242889699906
leaf_weight=511.19103372029349 138.7483135370785 123.30621747997793 304.59683734692589 39.616711412782024 912.23158830424654 1025.9142105620849 304.99289666686673 51.190467556316435 145.81826020027074 19.067569577015092 12.864282125156022 135.06935342428915 4.5033224945946122 10.550100518157704
leaf_count=595568 287901 6455 140198 14778 5481 67666 101625 32226 3396 10303 6073 10750 3009 644
internal_value=1.42953e-10 0.00936619 -0.015367 -0.0398015 0.0160112 0.00893803 -0.00736599 -0.00552421 0.000625177 0.0156237 -0.0129219 -0.00210279 0.0272682 -0.0417437
internal_weight=3739.66 3030.37 640.354 709.291 2390.02 1473.28 428.299 501.606 450.415 1044.98 198.1 147.934 916.735 50.1668
internal_count=1286073 658260 463721 627813 194539 186049 108080 175820 143594 77969 32245 16823 8490 15422
is_linear=0
shrinkage=0.05


Tree=39
num_leaves=15
num_cat=0
split_feature=2 9 5 5 12 10 5 9 6 5 6 6 9 9
split_gain=521.832 185.112 91.5445 76.7103 70.3536 58.476 54.4851 21.8722 21.5838 21.1863 35.0858 19.8735 15.2451 12.5386
threshold=1.0000000180025095e-35 0.81964459054494021 0.0069711483581712122 0.013269933629633853 1.0000000180025095e-35 1.0000000180025095e-35 0.024317746240414963 0.87826463391680798 0.29317468365012278 0.011459932275409179 0.22528893726000918 0.3822353922291864 0.93697896052090379 0.91979137321978599
decision_type=2 2 2 2 2 2 2 2 2 2 2 2 2 2
left_child=3 6 7 -1 5 -4 9 -3 12 -2 -11 -8 -5 -9
right_child=1 2 4 8 -6 -7 11 13 -10 10 -12 -13 -14 -15
leaf_value=-0.049747060449955784 -0.047065576797259243 -0.033425029167092252 0.019081257863553927 -0.03890329868331658 -0.061247598463904034 -0.039824073308291873 0.018896333058730123 0.0024528788919630034 0.00161988361415115 0.0024130373231411183 -0.041787319102114744 -0.04533399385606493 0.023056941326747404 -0.033210477405063464
leaf_weight=488.88720964223648 135.33862290535035 88.171845872555423 2265.4340349040103 71.070527758845856 23.576722551835701 38.412822298014362 84.39558513413067 150.15857580148077 115.80312331922323 88.269302744949528 85.30002036859878 9.093420818782759 8.0710163521871419 24.359245026171266
leaf_count=595568 296717 105391 96931 14191 21588 9925 2634 34384 17818 15677 64828 2639 236 7546
internal_value=1.23594e-09 0.00901807 0.0139242 -0.0392429 0.0170825 0.018015 -0.0223446 -0.0138546 -0.0123151 -0.0323453 -0.0198709 0.0106645 -0.0315898 -0.00331137
internal_weight=3676.34 2992.51 2590.11 683.832 2327.42 2303.85 402.397 262.69 194.945 308.908 173.569 93.489 79.1415 174.518
internal_count=1286073 658260 275765 627813 128444 106856 382495 147321 32245 377222 80505 5273 14427 41930
is_linear=0
shrinkage=0.05


Tree=40
num_leaves=15
num_cat=0
split_feature=3 9 7 5 9 9 12 5 5 4 4 5 7 2
split_gain=493.566 177.356 79.7441 75.5423 59.3142 61.5137 57.8925 48.7251 9.5406 9.13825 15.9074 3.23185 2.96287 25.2171
threshold=0.72003785187676572 0.83914845405209448 0.29166666666666669 0.0058593936919800948 0.82024390243902456 0.81964459054494021 1.0000000180025095e-35 0.025413031140609298 0.02041521262421514 0.004962809713807202 0.004073336651733866 0.021638653831555329 1.9166666666666667 1.0000000180025095e-35
decision_type=2 2 2 2 2 2 2 2 2 2 2 2 2 2
left_child=8 2 -2 9 5 -4 7 -5 12 10 -3 -10 -1 -14
right_child=1 3 4 6 -6 -7 -8 -9 11 -11 -12 -13 13 -15
leaf_value=-0.051274293956680941 -0.049593104070929622 -0.024328777982395074 -0.01300057293321725 0.012443217333804983 -0.054892146075606107 0.025222393272296847 -0.058656786879190563 0.029794382879474071 0.0076494669621258449 -0.047579564412159131 0.015610352293449627 -0.025728167444642125 -0.048100186903633935 0.0058625867620362981
leaf_weight=341.81458379726246 132.19159525234318 92.842662538849254 329.06367707589379 1783.0639110258708 52.111687557822734 148.69078806496691 21.166979808011092 525.45546867907979 10.757030338048937 22.696975587154157 29.598514120076288 9.8454243568703514 100.88106338907528 25.943985388003057
leaf_count=465610 280362 45688 140593 89131 31918 3132 19610 2063 746 20953 9075 1113 142560 33519
internal_value=4.94984e-11 0.00730631 -0.0155988 0.0134529 -0.00673356 -0.000966474 0.0156419 0.0164485 -0.046446 -0.0210347 -0.0144404 -0.0102105 -0.0479144 -0.0372576
internal_weight=3626.12 3136.88 662.058 2474.82 529.866 477.754 2329.69 2308.52 489.242 145.138 122.441 20.6025 468.64 126.825
internal_count=1286073 642525 456005 186520 175643 143725 110804 91194 643548 75716 54763 1859 641689 176079
is_linear=0
shrinkage=0.05


Tree=41
num_leaves=15
num_cat=0
split_feature=3 9 9 9 5 5 6 5 12 2 4 5 5 7
split_gain=468 169.234 196.167 187.659 65.1082 62.3044 29.6085 31.2885 25.4787 24.1605 18.256 9.23651 6.39195 3.10735
threshold=0.72003785187676572 0.85860931501109905 0.83999327877942653 0.83944694082572735 0.0080745871609022492 0.010853395234447333 1.0000000180025095e-35 0.0043105885151047277 1.0000000180025095e-35 1.0000000180025095e-35 0.0057971501545906719 0.02041521262421514 0.0068096079487626792 1.9166666666666667
decision_type=2 2 2 2 2 2 2 2 2 2 2 2 2 2
left_child=11 2 3 4 -2 6 7 -3 9 -7 -8 13 -5 -1
right_child=1 5 -4 12 -6 8 10 -9 -10 -11 -12 -13 -14 -15
leaf_value=-0.051148003461892182 -0.044401403890533535 -0.025422308731694761 -0.06650829940526877 -0.013020573396834965 -0.0058415848803342356 -0.0021404745536231537 -0.010686317406704022 0.011556506798008105 -0.044654912783781364 0.022720833305689903 -0.06073882144621745 -0.010334058231627332 0.042505160895819058 -0.036782886782519883
leaf_weight=327.71730593080429 130.9803401002082 62.190081695738627 126.64679581661039 3.2078028137839274 572.43929338598173 104.0584670581884 76.397649075544905 386.23039945663913 10.4052673720289 1416.0252985475963 20.267223255403223 20.464156475063646 194.22323909874831 122.44497026485078
leaf_count=465610 268777 28083 55360 1834 189286 5224 12207 40502 9622 23007 6258 1859 2365 176079
internal_value=8.24708e-10 0.0070683 -0.00949672 -0.00115884 -0.0132843 0.0152718 0.000742771 0.00620424 0.0204271 0.0210175 -0.0236517 -0.0461891 0.0413037 -0.0476877
internal_weight=3573.7 3103.07 1027.5 900.851 703.42 2075.57 545.085 448.42 1530.49 1520.08 96.6649 470.626 197.431 450.162
internal_count=1286073 642525 517622 462262 458063 124903 87050 68585 37853 28231 18465 643548 4199 641689
is_linear=0
shrinkage=0.05


Tree=42
num_leaves=15
num_cat=0
split_feature=2 9 7 5 5 7 9 9 6 3 0 9 9 9
split_gain=449.257 160.57 72.033 68.7256 62.3225 55.0903 50.8207 51.6026 46.0883 19.3867 18.2186 13.9709 11.1494 117.128
threshold=1.0000000180025095e-35 0.83914845405209448 0.29166666666666669 0.013269933629633853 0.020994551425103421 1.0000000180025095e-35 0.82024390243902456 0.81964459054494021 0.22344846671144483 0.88974513662052768 1.0000000180025095e-35 0.79909090909090918 0.90118055555555554 0.91742625495946184
decision_type=2 2 2 2 2 2 2 2 2 2 2 2 2 2
left_child=3 2 -2 -1 5 10 7 -4 -7 -5 -3 -11 -6 -14
right_child=1 4 6 9 12 8 -8 -9 -10 11 -12 -13 13 -15
leaf_value=-0.048831430793779905 -0.048594504283430456 -0.04395146946621073 -0.012198150718664001 -0.039155849742577659 0.028692962256285499 0.017386858603686047 -0.053066728342660199 0.024158890386027893 -0.0025640852605281006 -0.045012704284957558 -0.0054707002937470469 0.002595848838367474 -0.080155479620146686 0.026699316154299314
leaf_weight=441.11411598992345 119.36701074160919 54.227351237230323 291.23095862215087 45.155337261239765 602.21756845248456 882.09947310519237 45.861499454975274 140.54975558959995 427.95344390041646 12.406986943162336 67.416595610560762 130.68705002388742 23.755047788581578 241.70638788843644
leaf_count=595568 287901 28994 140198 15422 6830 86922 32226 3396 32403 6073 37730 10750 582 1078
internal_value=-2.52218e-10 0.0083338 -0.0146838 -0.0381163 0.014329 0.00787532 -0.00579353 -0.000222421 0.0108845 -0.0123943 -0.0236829 -0.00291242 0.0248716 0.0158323
internal_weight=3525.75 2896.39 597.009 629.363 2299.38 1431.7 477.642 431.781 1310.05 188.249 121.644 143.094 867.679 265.461
internal_count=1286073 658260 463721 627813 194539 186049 175820 143594 119325 32245 66724 16823 8490 1660
is_linear=0
shrinkage=0.05


Tree=43
num_leaves=15
num_cat=0
split_feature=2 9 5 7 5 5 12 5 6 0 6 6 12 6
split_gain=426.322 148.341 75.1555 73.0244 65.0501 45.6725 43.9976 19.1527 30.1866 19.1525 16.8449 15.4065 11.6846 11.4179
threshold=1.0000000180025095e-35 0.81964459054494021 0.020994551425103421 1.0000000180025095e-35 0.018947083501492629 0.024317746240414963 1.0000000180025095e-35 0.011459932275409179 0.22528893726000918 1.0000000180025095e-35 0.3822353922291864 0.32929277784534233 1.0000000180025095e-35 0.3556394829435548
decision_type=2 2 2 2 2 2 2 2 2 2 2 2 2 2
left_child=4 5 3 9 -1 7 -5 -2 -9 -3 -7 -6 -4 -13
right_child=1 2 12 6 11 10 -8 8 -10 -11 -12 13 -14 -15
leaf_value=-0.046029837937201896 -0.045990323498815988 -0.045512635604169231 0.024514959170519008 0.010444556738924015 -0.025172719682432971 0.016921094346438712 -0.058969584258250121 0.0016280942715326517 -0.040307844356749251 -0.0089921436624868459 -0.043250653974761286 0.032773213902730712 -0.034045862402775622 -0.0057279584275638949
leaf_weight=484.41922467767108 118.20107145942711 68.940446237276774 893.94432613671233 1427.5859339784001 51.040080581980874 82.889262172131566 18.291636946123617 87.072666774194659 78.903961032952793 75.798044061742985 8.5575699347718892 26.182247297372669 4.4542355157973352 47.234889365412528
leaf_count=618788 296717 51885 7211 134570 3436 2634 18842 15677 64828 59560 2639 695 3697 4894
internal_value=4.8802e-10 0.00809016 0.0125152 0.00595222 -0.0378184 -0.0210111 0.00936621 -0.0307705 -0.0189037 -0.0273261 0.00933995 -0.00531402 0.0240378 0.00921665
internal_weight=3473.52 2864.64 2489.01 1590.62 608.876 375.625 1445.88 284.178 165.977 144.738 91.4468 124.457 898.399 73.4171
internal_count=1286073 658260 275765 264857 627813 382495 153412 377222 80505 111445 5273 9025 10908 5589
is_linear=0
shrinkage=0.05


Tree=44
num_leaves=15
num_cat=0
split_feature=3 5 9 9 9 9 9 12 5 4 9 4 4 7
split_gain=402.56 119.012 105.536 147.104 94.6795 172.383 43.9293 32.1468 27.7162 23.7416 21.6818 15.0156 12.1582 10.7754
threshold=0.86434448284919141 0.016480225722681287 0.87826463391680798 0.86012345679012359 0.85860931501109905 0.83999327877942653 0.8979068407205465 1.0000000180025095e-35 0.0069711483581712122 0.022991543340380553 0.95723369742669007 0.0067797389225960668 0.11805555555555557 0.36666666666666675
decision_type=2 2 2 2 2 2 2 2 2 2 2 2 2 2
left_child=1 -1 3 4 5 -2 11 8 13 -8 -10 -3 -13 -4
right_child=2 6 7 -5 -6 -7 9 -9 10 -11 -12 12 -14 -15
leaf_value=-0.046424913958376703 0.0028262986545578303 0.02781757237580218 0.01342125193168439 -0.0662039543771233 0.029867401652625431 -0.06550865113203802 -0.017481556357691875 -0.050990528289545346 0.01872227414848986 0.03793222766383695 0.046860291778673867 -0.038590985373664184 0.001571742886699874 -0.012745746711806031
leaf_weight=504.07047578368292 770.73390930432288 9.4167491601656348 61.816828919978434 79.155626185754954 239.31782606914203 99.789778924536222 22.813999620775576 12.354616504635485 1296.6854066184751 69.052265798702138 70.166726575582288 69.456054368729383 24.718856225583295 90.859963488066569
leaf_count=731159 390343 731 12096 30597 9438 46313 1104 14495 23387 796 160 9937 1162 14355
internal_value=1.35995e-09 -0.0336912 0.00870779 -0.00246774 0.00235456 -0.00533644 -0.000513064 0.0173617 0.0180828 0.0239788 0.0203323 -0.0223367 -0.0285014 -0.00206144
internal_weight=3420.41 699.528 2720.88 1189 1109.84 870.524 195.458 1531.88 1519.53 91.8663 1366.85 103.592 94.1749 152.677
internal_count=1286073 744889 541184 476691 446094 436656 13730 64493 49998 1900 23547 11830 11099 26451
is_linear=0
shrinkage=0.05


Tree=45
num_leaves=15
num_cat=0
split_feature=2 9 5 7 10 12 9 9 5 4 3 9 4 4
split_gain=385.22 140.062 63.1669 62.9052 56.4412 51.9514 46.7137 45.9338 44.9468 18.4887 16.3612 12.7453 9.46842 8.7029
threshold=1.0000000180025095e-35 0.83914845405209448 0.013269933629633853 0.29166666666666669 1.0000000180025095e-35 1.0000000180025095e-35 0.82024390243902456 0.81964459054494021 0.017088796251457039 0.75000000000000011 0.88974513662052768 0.79909090909090918 0.11805555555555557 0.030776515151515155
decision_type=2 2 2 2 2 2 2 2 2 2 2 2 2 2
left_child=2 3 -1 -2 5 8 7 -5 -3 -6 12 -12 -4 -13
right_child=1 4 10 6 9 -7 -8 -9 -10 -11 11 13 -14 -15
leaf_value=-0.048359042156168472 -0.047918876976067365 0.0080343784583440676 -0.04943845852545458 -0.012219412113464244 -0.053377471073419697 -0.056851425972045268 -0.052299993789750913 0.022598782515967076 0.022483310766905032 0.026119729614213778 -0.044172939476963817 0.014914915830722138 0.0037886684723664067 -0.010329966360486833
leaf_weight=391.9470881954494 107.52767264754766 1087.538394189889 32.075724515922047 281.42410424320769 36.47609948263198 20.4715548672757 44.050533774539872 136.53395219349477 1077.683758613508 5.7151631629094473 12.011034226961781 60.706542710766371 9.9126627112927945 66.174100887779787
leaf_count=595568 287901 134973 14778 140198 23782 24259 32226 3396 11517 8 6073 5552 644 5198
internal_value=3.30059e-11 0.00766448 -0.0371722 -0.014375 0.0133182 0.0144576 -0.00613861 -0.000712693 0.0152612 -0.0409824 -0.0122827 -0.00352102 -0.0378065 0.00185608
internal_weight=3370.25 2797.42 572.827 569.536 2227.88 2185.69 462.009 417.958 2165.22 42.1913 180.88 138.892 41.9884 126.881
internal_count=1286073 658260 627813 463721 194539 170749 175820 143594 146490 23790 32245 16823 15422 10750
is_linear=0
shrinkage=0.05


Tree=46
num_leaves=15
num_cat=0
split_feature=3 9 7 5 9 9 9 9 9 5 4 4 7 2
split_gain=361.481 134.448 62.5543 55.7997 45.3162 227.394 56.5275 45.2235 45.5048 16.4325 8.13989 12.5937 4.32188 22.5473
threshold=0.73006269658049705 0.83914845405209448 0.29166666666666669 0.0058593936919800948 0.8979068407205465 0.88029508833236281 0.89993270944637238 0.82024390243902456 0.81964459054494021 0.02041521262421514 0.004962809713807202 0.004073336651733866 1.9166666666666667 1.0000000180025095e-35
decision_type=2 2 2 2 2 2 2 2 2 2 2 2 2 2
left_child=9 2 -2 10 5 -5 -6 8 -4 12 11 -3 -1 -14
right_child=1 3 7 4 6 -7 -8 -9 -10 -11 -12 -13 13 -15
leaf_value=-0.050662174482156652 -0.048408553709967946 -0.022169835679989647 -0.012735470215069072 0.012868246376172477 0.03562045795265719 -0.072364030451055106 0.012088120638147966 -0.052499670553455495 0.021127230526750831 -0.0049718222295801039 -0.045712700551598096 0.01431251963379763 -0.046928109692969906 0.0048871493470111381
leaf_weight=273.02475144365599 107.92728904146497 85.243181292413283 308.02015253973514 982.4797886841734 397.96628122284892 80.020469174713071 719.97400423196814 44.307130280762067 140.28145171114011 26.670752673380775 19.859147991679492 28.168077542926767 79.172767784319149 26.79727258523053
leaf_count=469893 277543 44770 139113 70079 5694 14806 18896 31492 3040 2012 20746 8958 143252 35779
internal_value=-1.70311e-11 0.00617881 -0.0148172 0.0116486 0.0135772 0.00614024 0.0205865 -0.00704504 -0.00202308 -0.0439225 -0.0192546 -0.0128869 -0.0465632 -0.0341955
internal_weight=3319.91 2914.25 600.536 2313.71 2180.44 1062.5 1117.94 492.609 448.302 405.666 133.27 113.411 378.995 105.97
internal_count=1286073 635137 451188 183949 109475 84885 24590 173645 142153 650936 74474 53728 648924 179031
is_linear=0
shrinkage=0.05


Tree=47
num_leaves=15
num_cat=0
split_feature=2 9 3 9 5 9 9 9 9 9 7 6 4 7
split_gain=347.006 129.326 91.7302 73.9337 58.5695 57.9279 52.6031 36.0324 228.381 50.5688 17.6865 16.5986 16.2615 13.7582
threshold=1.0000000180025095e-35 0.8787180979442325 0.89875309525348113 0.86012345679012359 0.013269933629633853 0.85860931501109905 0.87826463391680798 0.88029508833236281 0.8979068407205465 0.89993270944637238 2.2916666666666674 0.29317468365012278 0.004073336651733866 2.3666666666666671
decision_type=2 2 2 2 2 2 2 2 2 2 2 2 2 2
left_child=4 2 10 5 -1 -4 -5 12 -9 -10 -2 -6 -3 -12
right_child=1 7 3 6 11 -7 -8 8 9 -11 13 -13 -14 -15
leaf_value=-0.047746680413047644 -0.046063029825886795 0.0051508247131528198 -0.0011016889507410382 -0.064971467889956655 -0.030232965234639315 0.028105996033815635 0.010619543055355176 -0.067945692926524581 0.033196489238715446 0.011037401493831712 0.029740376453357566 0.00050622697712992854 0.037858574167679709 -0.023049567290973318
leaf_weight=364.74298561741853 125.24325443941416 46.870790880202549 704.73563628452939 61.768971436998982 69.96094186258415 218.48229953981354 33.214032549905824 76.244736458265834 396.80714395079121 740.43920967984013 10.094524909596656 105.65223009389592 244.29129989759531 77.575254480132571
leaf_count=595568 177676 6010 331289 24793 14427 7624 934 25639 10233 34300 449 17818 4373 34940
internal_value=-4.09677e-10 0.00724771 -0.00476233 0.00153149 -0.0364244 0.00592456 -0.0393293 0.0170576 0.0131688 0.0188806 -0.0342054 -0.0122376 0.0327692 -0.0156945
internal_weight=3276.12 2735.77 1231.11 1018.2 540.356 923.218 94.983 1504.65 1213.49 1137.25 212.913 175.613 291.162 87.6698
internal_count=1286073 658260 577705 364640 627813 338913 25727 80555 70172 44533 213065 32245 10383 35389
is_linear=0
shrinkage=0.05


Tree=48
num_leaves=15
num_cat=0
split_feature=2 9 9 5 9 5 1 12 9 3 9 4 4 9
split_gain=331.1 118.856 121.168 85.5254 62.1467 57.2588 28.1262 27.972 24.701 15.1764 11.8604 8.49375 7.69396 5.81587
threshold=1.0000000180025095e-35 0.87826463391680798 0.86012345679012359 0.0067046549777059527 0.85906503250714794 0.013269933629633853 1.0000000180025095e-35 1.0000000180025095e-35 0.95723369742669007 0.88974513662052768 0.79909090909090918 0.11805555555555557 0.030776515151515155 0.85985050906478988
decision_type=2 2 2 2 2 2 2 2 2 2 2 2 2 2
left_child=5 2 3 13 -5 -1 7 8 -3 11 -11 -7 -12 -2
right_child=1 6 -4 4 -6 9 -8 -9 -10 10 12 -13 -14 -15
leaf_value=-0.047758841061741782 -0.043037971544080428 0.016054772148374235 -0.062816694476885843 -0.0018828440707766071 0.029594447030783705 -0.048773660176229305 -0.046326481796719512 -0.046388705842830044 0.045924508137663217 -0.043515300283553389 0.013929031303078251 0.0026384497018434377 -0.010146461212874221 0.011688335106589341
leaf_weight=349.46267200736474 107.94941284094602 1437.1976574025757 78.853378603263991 797.98265949520646 190.00091320758656 30.510767017245598 13.13043315548566 12.639662338209744 69.610347091045696 11.548972762670017 59.119328101041901 9.7432021260538004 63.865973525127629 3.0964351739239637
leaf_count=595568 279917 60723 38293 251141 4735 14778 3898 17016 353 6073 5552 644 5198 2184
internal_value=7.99349e-10 0.00705132 -0.00488199 -0.000459613 0.00428915 -0.0361786 0.0162089 0.0168994 0.017582 -0.0123415 -0.00376796 -0.0374131 0.00151872 -0.0410741
internal_weight=3234.71 2710.46 1177.88 1099.03 987.984 524.251 1532.58 1519.45 1506.81 174.788 134.534 40.254 122.985 111.046
internal_count=1286073 658260 576270 537977 255876 627813 81990 78092 61076 32245 16823 15422 10750 282101
is_linear=0
shrinkage=0.05


Tree=49
num_leaves=15
num_cat=0
split_feature=2 9 5 5 7 6 5 9 6 8 6 12 5 3
split_gain=312.352 114.796 66.1061 56.6614 55.3737 45.727 36.1823 31.6935 24.2734 18.2432 12.3956 10.2175 9.08896 8.84597
threshold=1.0000000180025095e-35 0.81964459054494021 0.020994551425103421 0.018947083501492629 1.0000000180025095e-35 0.33965703840363143 0.011586397842959775 0.80090909090909101 0.3822353922291864 0.23271335681323799 0.31129354638152201 1.0000000180025095e-35 0.027263427818526507 0.88974513662052768
decision_type=2 2 2 2 2 2 2 2 2 2 2 2 2 2
left_child=3 6 4 13 9 -6 -2 8 -8 -3 -5 12 -4 -1
right_child=1 2 11 10 5 -7 7 -9 -10 -11 -12 -13 -14 -15
leaf_value=-0.049787119192221584 -0.044338432506715694 -0.037933462298497173 0.018341576749696532 -0.02626896251887631 0.0099848595356863343 -0.025508502254712045 0.0045789965136787394 -0.050027488573656381 -0.04879906220684975 0.0019468176672399009 0.0068228842462804765 -0.033525033355733633 0.029846209579818296 -0.029759133955829825
leaf_weight=285.30923732028714 101.2507912972269 90.028100779652959 519.80925342549745 38.409314122734941 1298.2491554024145 92.794769265994546 189.92899250078517 34.748830646251008 18.914432247838704 40.396093159144584 77.138503744521586 3.9623005434768848 295.19873152294895 105.19984176561047
leaf_count=532265 298505 87747 6033 3041 143303 10109 43058 26074 14858 23698 5984 3697 1178 86523
internal_value=-7.074e-10 0.0068071 0.0107813 -0.0358336 0.00458692 0.00753426 -0.0199345 -0.00910309 -0.00128329 -0.0259656 -0.00481051 0.0221915 0.0226652 -0.0448362
internal_weight=3191.34 2685.28 2340.44 506.057 1521.47 1391.04 344.843 243.592 208.843 130.424 115.548 818.97 815.008 390.509
internal_count=1286073 658260 275765 627813 264857 153412 382495 83990 57916 111445 9025 10908 7211 618788
is_linear=0
shrinkage=0.05


Tree=50
num_leaves=15
num_cat=0
split_feature=3 5 9 9 9 9 9 5 9 9 9 6 4 4
split_gain=295.009 94.9471 81.8409 50.8227 219.166 44.6206 50.0135 38.2693 35.3368 34.3934 20.7964 13.4753 13.3804 9.81686
threshold=0.86434448284919141 0.016480225722681287 0.83914845405209448 0.83999327877942653 0.85860931501109905 0.82024390243902456 0.81964459054494021 0.019428789516226463 0.80090909090909101 0.8979068407205465 0.89912338335984521 0.32308117642730172 0.0067797389225960668 0.018693221523410204
decision_type=2 2 2 2 2 2 2 2 2 2 2 2 2 2
left_child=1 -1 5 -4 -5 6 8 -6 -2 12 -11 -8 -3 -12
right_child=2 9 3 4 7 -7 11 -9 -10 10 13 -13 -14 -15
leaf_value=-0.04502160065123615 -0.0078880347989783613 0.027419980482736056 0.035111457289551853 -0.063968716440250262 0.0070160345520219811 -0.052136202381888853 0.025755479790208088 0.022100901690460559 -0.050819053023818284 0.045537939579299754 -0.03605151469136568 -0.023195299530136028 -0.02740288615767152 0.011063227872930136
leaf_weight=407.62297383158602 276.76019897760852 8.6022012489411264 205.48772623087279 92.346943844990165 1047.654768062077 52.205916694751068 117.92388125350408 705.59191995547008 53.694408073772138 39.371328849112615 10.485419792319588 11.96694817762909 87.179446039845061 33.823406432580668
leaf_count=731159 219962 731 5547 46313 97160 61238 4298 7368 98204 250 834 1094 11099 816
internal_value=-2.44144e-10 -0.0318166 0.00733392 0.011796 0.00911222 -0.0104635 -0.0052282 0.0131325 -0.0155172 -0.00141597 0.0213331 0.020553 -0.0213631 -0.00261131
internal_weight=3150.72 587.085 2563.63 2051.08 1845.59 512.551 460.345 1753.25 330.455 179.462 83.6802 129.891 95.7816 44.3088
internal_count=1286073 744889 541184 156388 150841 384796 323558 104528 318166 13730 1900 5392 11830 1650
is_linear=0
shrinkage=0.05


Tree=51
num_leaves=15
num_cat=0
split_feature=2 9 5 5 5 9 9 6 9 3 4 6 9 9
split_gain=282.405 98.8881 52.8003 50.1762 47.2222 47.065 142.07 30.3767 29.7091 29.5265 16.6828 14.2321 10.7631 10.296
threshold=1.0000000180025095e-35 0.83914845405209448 0.013269933629633853 0.011194124458841695 0.020994551425103421 0.91742625495946184 0.89993270944637238 0.3588502965882277 0.91994293951976236 0.97226613828493991 0.75000000000000011 0.29317468365012278 0.93697896052090379 0.90118055555555554
decision_type=2 2 2 2 2 2 2 2 2 2 2 2 2 2
left_child=2 3 -1 -2 5 6 -3 9 -7 -5 -9 12 -4 -6
right_child=1 4 11 7 13 8 -8 10 -10 -11 -12 -13 -14 -15
leaf_value=-0.047349100337082242 -0.037017973612466622 0.0046060306979018696 -0.036137544269562158 -0.033558935901539355 0.02519425242535614 0.029726381160345362 -0.072460127337558786 -0.053187176767001458 0.0022302808096671496 0.0085989777560676675 0.015906699415245699 -0.00018312334185266408 0.019694596615722353 0.01217704058513782
leaf_weight=308.76234070026658 148.98614942020322 876.65064873367737 58.800473930903536 43.602382099415991 518.92127974530013 259.48099366227325 59.153963045097044 35.817911936183009 157.66931388116063 281.3751081994269 8.6360593521967512 102.06692786884742 6.7551888823800246 236.10361125555937
leaf_count=595568 356709 153451 14191 16999 6830 6986 13727 32668 11885 56434 911 17818 236 1660
internal_value=-2.18623e-10 0.00644146 -0.035211 -0.0130352 0.0112509 0.00562402 -0.000624672 -0.00299813 0.0194833 0.00251984 -0.0395132 -0.0121287 -0.0293963 0.0212305
internal_weight=3102.78 2626.4 476.385 518.418 2107.98 1352.95 935.805 369.431 417.15 324.977 44.454 167.623 65.5557 755.025
internal_count=1286073 658260 627813 463721 194539 186049 167178 107012 18871 73433 33579 32245 14427 8490
is_linear=0
shrinkage=0.05


Tree=52
num_leaves=15
num_cat=0
split_feature=2 9 5 5 3 4 9 9 9 9 9 6 12 3
split_gain=267.824 104.485 74.0424 50.7743 47.5759 52.9907 36.3986 115.923 86.0433 42.629 31.9887 29.6276 28.7113 12.4795
threshold=1.0000000180025095e-35 0.87912638030957113 0.01853387999776426 0.013269933629633853 0.86434448284919141 0.010152545866831583 0.87986326488632371 0.8979068407205465 0.88029508833236281 0.89993270944637238 0.86012345679012359 0.22344846671144483 1.0000000180025095e-35 0.88974513662052768
decision_type=2 2 2 2 2 2 2 2 2 2 2 2 2 2
left_child=3 2 4 -1 -2 -6 -3 8 -8 -9 12 -12 -4 -5
right_child=1 6 10 13 5 -7 7 9 -10 -11 11 -13 -14 -15
leaf_value=-0.047118106948805916 -0.046188552906213209 0.034520404068750087 0.015902677866822791 -0.036005450690918227 0.00090043743315778321 -0.031098735832034399 0.020138237546887774 0.030524760175555433 -0.066164052616643917 0.0097232315900920435 0.020045492332696202 -0.054180884779444882 -0.056271920269184587 -0.0043216744712939389
leaf_weight=296.51531185533713 101.387512733515 208.56740256075864 451.24264228934044 36.69526431056147 391.56481168225764 188.02344527912283 42.937195133119531 378.93282120960794 72.749706806027461 708.77358336998805 18.292418226017617 30.410841362485371 9.4018573182693199 128.95614589854449
leaf_count=595568 183247 5974 27865 15422 245944 113717 2383 10233 25639 34300 347 2418 6193 16823
internal_value=-9.63483e-10 0.00624673 -0.00465666 -0.0348634 -0.0153935 -0.00965757 0.0154226 0.0119835 -0.0346257 0.0170765 0.00970817 -0.0270316 0.0138412 -0.0121896
internal_weight=3064.45 2602.28 1190.32 462.167 680.976 579.588 1411.96 1203.39 115.687 1087.71 509.348 48.7033 460.644 165.651
internal_count=1286073 658260 579731 627813 542908 359661 78529 72555 28022 44533 36823 2765 34058 32245
is_linear=0
shrinkage=0.05


Tree=53
num_leaves=15
num_cat=0
split_feature=2 9 9 9 9 5 9 9 9 9 6 6 6 9
split_gain=254.446 100.579 105.574 66.5417 137.559 49.1275 27.8298 50.5836 105.409 28.9846 11.1214 9.40235 9.61622 13.1034
threshold=1.0000000180025095e-35 0.87826463391680798 0.86012345679012359 0.85860931501109905 0.83999327877942653 0.018947083501492629 0.95723369742669007 0.92210844357341182 0.93697896052090379 0.91742625495946184 0.34747880488492794 0.32929277784534233 0.39848639899959798 0.80520128824476644
decision_type=2 2 2 2 2 2 2 2 2 2 2 2 2 2
left_child=5 2 3 4 -2 -1 7 9 -9 -3 -5 -7 -13 -14
right_child=1 6 -4 10 -6 11 -8 8 -10 -11 -12 12 13 -15
leaf_value=-0.043870673720079433 5.433895829644939e-05 0.010589866415559007 -0.06105845682961214 0.02778913487845628 -0.062035943169738608 -0.022158936960139524 0.045400214643506534 -0.07993672325998738 0.01399335473657836 0.026626747612645357 -0.0022447334925763331 0.020785383179696783 0.018900214332559603 -0.04192742661892853
leaf_weight=338.31531588383859 721.11736083984033 845.20407364297535 73.799895069496415 185.6056602004719 96.794558496549143 43.352950067252095 65.841641022569092 38.949795431028178 89.663142334182339 427.67676755772845 35.917993584516807 40.480479792313417 12.303907030611301 14.307328295573823
leaf_count=618788 470626 62041 38293 10145 56218 3436 873 5703 4298 9075 988 2223 1461 1905
internal_value=-6.3489e-10 0.00606058 -0.00526003 -0.001025 -0.00762593 -0.0345338 0.014638 0.0130365 -0.0163798 0.0160612 0.0229774 -0.00527161 0.00642057 -0.0152623
internal_weight=3029.33 2580.57 1113.24 1039.44 817.912 448.76 1467.34 1401.49 128.613 1272.88 221.524 110.445 67.0917 26.6112
internal_count=1286073 658260 576270 537977 526844 627813 81990 81117 10001 71116 11133 9025 5589 3366
is_linear=0
shrinkage=0.05


Tree=54
num_leaves=15
num_cat=0
split_feature=3 9 7 9 9 5 9 9 9 7 4 5 9 7
split_gain=244.306 106.375 51.3076 49.6469 204.118 40.2192 37.6042 30.4977 12.0624 9.82797 6.90351 4.902 4.63259 12.5627
threshold=0.67102973980594449 0.83914845405209448 0.29166666666666669 0.83999327877942653 0.85860931501109905 0.015482521692199115 0.82024390243902456 0.81964459054494021 0.83944694082572735 0.36666666666666675 0.11805555555555557 0.0068096079487626792 0.8979068407205465 2.4500000000000006
decision_type=2 2 2 2 2 2 2 2 2 2 2 2 2 2
left_child=10 2 -2 8 -5 -6 7 -4 9 -3 12 -10 -1 -14
right_child=1 3 6 4 5 -7 -8 -9 11 -11 -12 -13 13 -15
leaf_value=-0.048143677831628547 -0.047343470578388322 0.04038683035330607 -0.011908330376594846 -0.061241516394046971 0.0025981343312277299 0.017504946689527515 -0.050814349114673675 0.016320848226153848 -0.010807853006751876 -0.0066113250902283651 0.0016206547665397445 0.039479372157402631 -0.038453173754777033 0.021511994414734035
leaf_weight=237.17507643469162 93.899684484424142 10.950666125660062 298.79602762915601 98.468947964756808 810.28175721382831 1025.5168802053631 40.626824337025027 134.78623145411984 3.0244943846337256 33.218135890005215 7.6808826066990141 165.9222753308386 25.88046404355191 8.4652134344705683
leaf_count=527771 305573 780 148037 59261 114692 18631 33343 3299 1903 1395 801 2639 52841 15107
internal_value=-2.90128e-10 0.00460815 -0.014547 0.00969784 0.00712679 0.0109503 -0.00762667 -0.0030468 0.0323347 0.00796286 -0.0441111 0.0382943 -0.0454106 -0.022818
internal_weight=2994.69 2715.49 568.109 2147.38 1934.27 1835.8 474.209 433.582 213.116 44.1688 279.202 168.947 271.521 34.3457
internal_count=1286073 689553 490252 199301 192584 133323 184679 151336 6717 2175 596520 4542 595719 67948
is_linear=0
shrinkage=0.05


Tree=55
num_leaves=15
num_cat=0
split_feature=2 9 12 5 10 7 9 9 9 4 9 6 9 6
split_gain=232.82 93.5241 48.5592 45.5549 42.949 42.8462 36.048 33.1699 29.0457 12.3377 11.506 10.8928 7.97481 7.61222
threshold=1.0000000180025095e-35 0.83914845405209448 1.0000000180025095e-35 0.013269933629633853 1.0000000180025095e-35 0.29166666666666669 0.83999327877942653 0.82024390243902456 0.81964459054494021 0.75000000000000011 0.79909090909090918 0.29317468365012278 0.93697896052090379 0.39848639899959798
decision_type=2 2 2 2 2 2 2 2 2 2 2 2 2 2
left_child=3 5 4 -1 6 -2 -3 8 -7 -6 -5 12 -12 -13
right_child=1 2 -4 10 9 7 -8 -9 -10 -11 11 13 -14 -15
leaf_value=-0.046555820851838861 -0.046043141989451794 0.032065005020542568 -0.05742553669190778 -0.045695784825977942 -0.050913132633622273 -0.011734818265238905 0.010065458757611929 -0.049649207337527472 0.016980117968817311 0.021831956869642892 -0.030891192913702334 0.013109726362525043 0.018406972013652906 -0.016648235074618455
leaf_weight=265.50193885806675 79.107078217044545 205.10543870193214 21.05793687413825 17.537785218626595 30.134975922748708 263.05466757036811 1763.8538130693369 35.994220552564002 126.22650422853985 4.0691259158775201 46.13213973526581 62.983321078130757 6.3382078394060946 26.595228025704273
leaf_count=595568 287901 5586 25359 10423 22682 140198 140904 32226 3396 8 9923 7498 236 4165
internal_value=2.62071e-10 0.00577396 0.0105726 -0.0340137 0.0114286 -0.013399 0.0124326 -0.00686226 -0.00232659 -0.0405783 -0.0123672 -0.00683849 -0.0238528 0.00386174
internal_weight=2953.69 2528.6 2024.22 425.089 2003.16 504.382 1968.96 425.275 389.281 34.2041 159.587 142.049 52.4703 89.5785
internal_count=1286073 658260 194539 627813 169180 463721 146490 175820 143594 22690 32245 21822 10159 11663
is_linear=0
shrinkage=0.05


Tree=56
num_leaves=15
num_cat=0
split_feature=3 9 9 7 9 4 5 9 9 4 5 4 9 7
split_gain=219.61 95.2729 104.398 61.8527 39.7791 36.4337 26.9167 19.1762 26.2679 12.0769 7.60795 6.52664 5.05055 11.9875
threshold=0.67102973980594449 0.87826463391680798 0.86012345679012359 0.29166666666666669 0.85906503250714794 0.75000000000000011 0.0073418221389305446 0.95723369742669007 0.92210844357341182 0.0057971501545906719 0.0040336048762280047 0.11805555555555557 0.8979068407205465 2.4500000000000006
decision_type=2 2 2 2 2 2 2 2 2 2 2 2 2 2
left_child=11 2 3 5 -5 -2 9 8 -8 10 -3 12 -1 -14
right_child=1 6 -4 4 -6 -7 7 -9 -10 -11 -12 -13 13 -15
leaf_value=-0.047835875825756706 -0.0437285610849047 -0.017904396596604137 -0.060876806880129808 -0.0027320477744767323 0.023453537319978252 0.030405049011830266 0.016024528778835017 0.044709620331914092 -0.0089078988762849292 -0.041907133147249469 0.0052833221069666899 0.0014797864645333368 -0.037551458363100983 0.021477477456321975
leaf_weight=218.60533855397443 114.31984482438929 42.727741349839562 77.021002527031669 773.7364129547077 173.27874414958569 15.629488188445974 1157.5143229755213 48.447021648917143 113.04508496230665 14.861429637967374 131.74723958494724 7.4930054714131975 23.855361814792559 8.4521292383342352
leaf_count=527771 337215 16030 39361 222687 6627 1072 35123 391 4452 8587 18008 801 52841 15107
internal_value=6.20414e-10 0.00430113 -0.00649697 -0.00234455 0.00215724 -0.0340161 0.0125566 0.0150806 0.01378 -0.00496249 -0.000735794 -0.0435545 -0.044902 -0.0212998
internal_weight=2920.73 2662.33 1153.99 1076.96 947.015 129.949 1508.34 1319.01 1270.56 189.336 174.475 258.406 250.913 32.3075
internal_count=1286073 689553 606962 567601 229314 338287 82591 39966 39575 42625 34038 596520 595719 67948
is_linear=0
shrinkage=0.05


Tree=57
num_leaves=15
num_cat=0
split_feature=2 9 12 5 3 10 9 9 9 4 9 6 4 6
split_gain=211.652 83.6266 42.605 41.9955 39.3875 38.555 34.3301 32.857 27.152 11.1626 10.4615 9.69792 7.37967 6.62608
threshold=1.0000000180025095e-35 0.83914845405209448 1.0000000180025095e-35 0.013269933629633853 0.97226613828493991 1.0000000180025095e-35 0.83999327877942653 0.82024390243902456 0.81985595965002911 0.75000000000000011 0.79909090909090918 0.29317468365012278 0.41666666666666669 0.39848639899959798
decision_type=2 2 2 2 2 2 2 2 2 2 2 2 2 2
left_child=3 4 5 -1 -2 6 -3 8 -6 -7 -5 12 -12 -13
right_child=1 2 -4 10 7 9 -8 -9 -10 -11 11 13 -14 -15
leaf_value=-0.046117836315852118 -0.041242220088997056 0.031084199172250117 -0.055435165402402647 -0.04502773601525549 -0.0076247602260816521 -0.050118493184734041 0.0094190160005575077 -0.049728295661429313 0.026909983477414863 0.02081537982137888 -0.031590646754180787 0.01157359395015293 0.012868973516424444 -0.016324361597179635
leaf_weight=246.17464137405022 93.627153201279725 201.02710348542678 19.697540746106824 16.722792601487527 298.64482169329403 28.112521979772286 1743.5932637207452 33.553041656065034 65.052944827084502 3.7917510960251084 42.398446233473805 62.317451519607857 8.6901230940566148 26.232857652386883
leaf_count=595568 177397 5586 25359 10423 237278 22682 140904 46071 2975 8 9977 7498 182 4165
internal_value=4.90025e-10 0.00546273 0.0100082 -0.0334048 -0.0129364 0.0107986 0.0117327 -0.00583535 -0.00116653 -0.0400102 -0.0125807 -0.00727274 -0.0235551 0.00287811
internal_weight=2889.64 2487.1 1996.22 402.536 490.878 1976.52 1944.62 397.251 363.698 31.9043 156.362 139.639 51.0886 88.5503
internal_count=1286073 658260 194539 627813 463721 169180 146490 286324 240253 22690 32245 21822 10159 11663
is_linear=0
shrinkage=0.05


Tree=58
num_leaves=15
num_cat=0
split_feature=2 9 9 5 5 12 9 9 9 9 3 9 9 4
split_gain=199.615 82.4789 88.8457 53.8904 41.0724 35.1156 24.1668 33.4921 77.3559 24.2356 10.2055 8.81085 7.03173 6.47899
threshold=1.0000000180025095e-35 0.87826463391680798 0.86012345679012359 0.0067046549777059527 0.013269933629633853 1.0000000180025095e-35 0.95723369742669007 0.92210844357341182 0.93697896052090379 0.91742625495946184 0.88974513662052768 0.79909090909090918 0.80090909090909101 0.11805555555555557
decision_type=2 2 2 2 2 2 2 2 2 2 2 2 2 2
left_child=4 2 3 -2 -1 -5 7 9 -9 -3 13 -12 -13 -6
right_child=1 6 -4 5 10 -7 -8 8 -10 -11 11 12 -14 -15
leaf_value=-0.045900525349921402 -0.037924408157478599 0.0088928309717769948 -0.059347074634567468 0.0037469003789627597 -0.046447762158631896 -0.063996673185735195 0.042021750050094502 -0.074135064699211717 0.011990309850682362 0.023706112370953391 -0.040733051051126901 0.027456745583117143 -0.0053753959151373173 0.0015863063205566316
leaf_weight=236.5249281328488 86.796750707952924 816.6826901651275 66.049848651782668 879.86788936542416 24.015913873834506 14.558174647969279 64.519884913483111 31.90250908105736 85.226312057868199 421.04326604489688 10.165925601897468 14.438744676626809 96.26158212809969 8.8357328476704406
leaf_count=595568 282101 62041 38293 243699 14778 12177 873 5703 4298 9075 6073 1157 9593 644
internal_value=2.43879e-10 0.00527593 -0.00535421 -0.00143729 -0.032993 0.00229463 0.0131105 0.0115843 -0.0135425 0.014007 -0.012312 -0.00499221 -9.15851e-05 -0.0350256
internal_weight=2856.89 2466.65 1047.27 981.223 390.243 894.426 1419.37 1354.85 117.129 1237.73 153.718 120.866 110.7 32.8516
internal_count=1286073 658260 576270 537977 627813 255876 81990 81117 10001 71116 32245 16823 10750 15422
is_linear=0
shrinkage=0.05


Tree=59
num_leaves=15
num_cat=0
split_feature=2 9 9 5 5 12 12 9 9 3 9 4 4 9
split_gain=190.957 79.6266 79.8042 49.6224 38.9813 34.9495 23.9237 23.1808 25.1766 10.8637 9.52406 7.34799 6.42286 5.19294
threshold=1.0000000180025095e-35 0.87826463391680798 0.86012345679012359 0.0067046549777059527 0.012006678233928416 1.0000000180025095e-35 1.0000000180025095e-35 0.95723369742669007 0.88029508833236281 0.88974513662052768 0.79909090909090918 0.013423423423423427 0.11805555555555557 0.85985050906478988
decision_type=2 2 2 2 2 2 2 2 2 2 2 2 2 2
left_child=4 2 3 13 -1 -5 7 8 -3 12 -11 -12 -6 -2
right_child=1 6 -4 5 9 -7 -8 -9 -10 10 11 -13 -14 -15
leaf_value=-0.046486459576128306 -0.039896215249392859 0.024605299858994255 -0.058105905410040043 0.0032555777850051567 -0.046588223353880485 -0.063730681775100648 -0.045885526294185186 0.042050906543046468 0.0082264646071916712 -0.041652655907787814 0.018872487599847713 -0.0083866503661205564 0.0009406960342572331 0.011265783371223734
leaf_weight=216.55564585365846 80.465486416485874 302.54341491824016 62.091629907414244 881.24692433740347 27.08069638498182 14.913096556589151 12.392949505912837 63.567255717593071 1034.012159257949 11.575002376273913 28.872917282551498 86.612698534747324 8.880644775759718 3.2097381835883416
leaf_count=585430 279917 9913 38293 243699 21472 12177 17263 419 54395 7411 4457 8355 688 2184
internal_value=9.15454e-10 0.00512324 -0.00534852 -0.00172728 -0.032764 0.00179343 0.0128392 0.0135205 0.0120119 -0.0136945 -0.00620511 -0.00107114 -0.0361689 -0.0374091
internal_weight=2834.02 2454.44 1041.93 979.835 379.578 896.16 1412.52 1400.12 1336.56 163.022 127.061 115.486 35.9613 83.6752
internal_count=1286073 658260 576270 537977 627813 255876 81990 64727 64308 42383 20223 12812 22160 282101
is_linear=0
shrinkage=0.05


Tree=60
num_leaves=15
num_cat=0
split_feature=2 9 10 12 5 1 9 5 9 4 3 6 6 9
split_gain=182.933 76.423 43.1692 39.8496 36.7702 34.3706 27.2828 25.1409 19.61 10.6353 7.72969 7.28717 7.94522 11.5543
threshold=1.0000000180025095e-35 0.81964459054494021 1.0000000180025095e-35 1.0000000180025095e-35 0.018947083501492629 1.0000000180025095e-35 0.80090909090909101 0.0118731741209468 0.76001625817989693 0.75000000000000011 0.88974513662052768 0.32929277784534233 0.39848639899959798 0.80520128824476644
decision_type=2 2 2 2 2 2 2 2 2 2 2 2 2 2
left_child=4 6 3 5 10 -3 7 -2 -9 -4 -1 -6 -13 -14
right_child=1 2 9 -5 11 -7 -8 8 -10 -11 -12 12 13 -15
leaf_value=-0.048448492914769069 -0.037291323425108915 0.010801937615569464 -0.050637109795254667 -0.055182272797599678 -0.022308834937117099 -0.044105249740578722 -0.049623700473806452 -0.029855835897432511 0.0067381239868873613 0.019757427943227306 -0.02683824908210912 0.017244446600935381 0.017126526827986002 -0.04145522633987056
leaf_weight=182.01634413151351 62.207480408943411 2050.2372007870881 32.942801971393237 18.775877302443405 39.744980777897581 24.074593540106434 51.598741399441678 42.680202445671966 152.89769644599801 3.5423394846729925 83.682974017491688 38.416002106052474 11.501681903100691 13.61051539305481
leaf_count=532265 207211 204424 33193 26731 3436 11406 119806 15057 40421 11 86523 2223 1461 1905
internal_value=-1.09635e-09 0.00498338 0.00836404 0.00934479 -0.032567 0.0100602 -0.0180496 -0.0109057 -0.00179281 -0.042245 -0.0422637 -0.00681988 0.00379112 -0.0162355
internal_weight=2807.93 2438.96 2129.57 2093.09 368.972 2074.31 309.384 257.785 195.578 36.4851 265.699 103.273 63.5282 25.1122
internal_count=1286073 658260 275765 242561 627813 215830 382495 262689 55478 33204 618788 9025 5589 3366
is_linear=0
shrinkage=0.05


Tree=61
num_leaves=15
num_cat=0
split_feature=2 9 3 5 4 5 9 9 9 6 7 4 3 4
split_gain=172.527 70.5944 53.755 39.7652 45.2563 36.3225 27.081 32.2506 164.877 26.8174 12.7599 11.9186 7.71665 7.64359
threshold=1.0000000180025095e-35 0.87912638030957113 0.89875309525348113 0.018947083501492629 0.011834733893557424 0.018947083501492629 0.95723369742669007 0.88029508833236281 0.8979068407205465 1.0000000180025095e-35 1.9166666666666667 0.004073336651733866 0.88974513662052768 0.0088107436733426501
decision_type=2 2 2 2 2 2 2 2 2 2 2 2 2 2
left_child=5 2 10 4 -4 12 7 11 -9 -5 -2 -3 -1 -12
right_child=1 6 3 9 -6 -7 -8 8 -10 -11 13 -13 -14 -15
leaf_value=-0.048309103561039651 -0.045229796634233835 0.0022885819774927769 0.0005805467415352292 0.042544711797974005 -0.031079513350704677 -0.0063761352639584868 0.043513763076455936 -0.064346059571194922 0.012384770622014225 0.0063883500124416528 0.0023046186788423496 0.032002178277935674 -0.026542793854544708 -0.027953790909049221
leaf_weight=174.53569682724219 77.684794616830004 41.357774944248376 381.30789026257389 56.343987923552049 155.231300000175 101.57392256546882 62.286145120022411 70.498337033390271 965.73248349668211 329.66290346373899 34.134460426959777 200.18242835549609 82.751130738512074 45.983057987134089
leaf_count=532265 169755 5230 243248 716 93521 9025 873 25639 43660 28570 33851 3127 86523 10070
internal_value=2.11074e-10 0.00481647 -0.00468295 -8.44701e-06 -0.00878171 -0.0321054 0.0124638 0.0107865 0.00688059 0.0121425 -0.0311715 0.0270641 -0.0419479 -0.015684
internal_weight=2779.27 2420.41 1080.35 922.546 536.539 358.861 1340.06 1277.77 1036.23 386.007 157.802 241.54 257.287 80.1175
internal_count=1286073 658260 579731 366055 336769 627813 78529 77656 69299 29286 213676 8357 618788 43921
is_linear=0
shrinkage=0.05


Tree=62
num_leaves=15
num_cat=0
split_feature=2 9 10 12 3 5 9 5 9 6 4 7 4 4
split_gain=162.869 67.3268 38.2473 36.7329 35.1875 31.2666 25.7681 22.7943 18.6009 13.7214 9.48277 9.06101 9.46347 7.73768
threshold=1.0000000180025095e-35 0.81964459054494021 1.0000000180025095e-35 1.0000000180025095e-35 0.88974513662052768 0.017088796251457039 0.80090909090909101 0.011459932275409179 0.76001625817989693 0.29317468365012278 0.75000000000000011 0.45000000000000007 0.06458333333333334 0.11805555555555557
decision_type=2 2 2 2 2 2 2 2 2 2 2 2 2 2
left_child=4 6 3 5 13 -3 7 -2 -9 -6 -4 -11 -13 -1
right_child=1 2 10 -5 9 -7 -8 8 -10 11 -12 12 -14 -15
leaf_value=-0.048615279988708848 -0.038285658311344888 0.0036322076928417312 -0.04960052252426024 -0.054429165749446562 -0.028453287084376347 0.016014952845531397 -0.049143255948735122 -0.030264867203132269 0.0057129280559490934 -0.032683903915933142 0.018710740737376663 0.018487463791449374 -0.018253000587768936 -0.00048420119332725093
leaf_weight=176.36761523804535 52.048866542011638 1099.7355487071145 30.569481146831095 17.884196706774674 78.936902973296128 951.553853005782 48.157334441068997 41.226321341213406 156.64179045894161 12.249508153005989 3.2707748718094072 51.407820950409587 20.830083443535841 8.8592776929326629
leaf_count=534023 203488 199819 33193 26731 66078 16011 119806 15959 43242 19278 11 6047 1626 761
internal_value=3.50832e-10 0.00465679 0.00781623 0.00871973 -0.0316828 0.0094013 -0.0173953 -0.0104337 -0.00234431 -0.0141351 -0.0414393 8.47019e-05 0.00739742 -0.0463864
internal_weight=2749.74 2401.09 2103.01 2069.17 348.651 2051.29 298.074 249.917 197.868 163.424 33.8403 84.4874 72.2379 185.227
internal_count=1286073 658260 275765 242561 627813 215830 382495 262689 59201 93029 33204 26951 7673 534784
is_linear=0
shrinkage=0.05


Tree=63
num_leaves=15
num_cat=0
split_feature=2 9 9 5 6 5 5 9 6 4 4 6 5 9
split_gain=154.366 64.6695 72.1245 42.1158 38.81 34.6082 21.1471 22.1603 23.039 15.8267 10.6667 9.75132 9.08795 7.69571
threshold=1.0000000180025095e-35 0.87826463391680798 0.86012345679012359 0.0080745871609022492 1.0000000180025095e-35 0.012006678233928416 0.0073418221389305446 0.95723369742669007 0.22344846671144483 0.0033389074693422525 0.0057971501545906719 0.29317468365012278 0.0070857245786227511 0.93697896052090379
decision_type=2 2 2 2 2 2 2 2 2 2 2 2 2 2
left_child=5 2 3 9 -5 -1 10 8 -8 -2 12 13 -3 -7
right_child=1 6 -4 4 -6 11 7 -9 -10 -11 -12 -13 -14 -15
leaf_value=-0.046077662666428564 -0.0091063458354811219 0.0039557020579134867 -0.057079172271663287 0.018118992240802281 -0.0050871992669015917 -0.033646032999546847 0.020461123145294885 0.047463625471915211 0.0061800122470437738 -0.044176856840480921 -0.04035194359216196 -0.0027439529156523179 -0.029494168459927951 0.016417632275355479
leaf_weight=181.42062588837734 65.660966449335774 159.23391682763213 57.859184211728461 263.98640711278495 541.19868761319958 55.508489209898471 502.16728116694139 42.890296238030714 651.87482248262313 64.904576386361896 13.231914850877727 92.252586416565464 18.17061911712517 5.760971012618028
leaf_count=585430 130053 35447 38293 45904 159517 20485 17802 359 19875 202503 7562 21584 945 314
internal_value=6.72514e-10 0.00449081 -0.00523171 -0.00173955 0.002586 -0.0315226 0.0114467 0.0139024 0.0124557 -0.0275264 -0.00393296 -0.0134117 -0.000184961 -0.0280552
internal_weight=2716.12 2381.18 993.61 935.751 805.185 334.943 1387.57 1196.93 1154.04 130.566 190.636 153.522 177.405 61.2695
internal_count=1286073 658260 576270 537977 205421 627813 81990 38036 37677 332556 43954 42383 36392 20799
is_linear=0
shrinkage=0.05


Tree=64
num_leaves=15
num_cat=0
split_feature=3 9 9 9 7 9 9 9 7 9 4 5 6 4
split_gain=147.154 68.6207 79.5663 67.2867 49.2538 44.2467 234.05 32.9981 23.0473 19.8587 16.6077 15.4013 14.4985 12.4385
threshold=0.67102973980594449 0.89832354935376557 0.88029508833236281 0.8787180979442325 0.29166666666666669 0.89993270944637238 0.91742625495946184 0.8979068407205465 2.9000000000000004 0.91994293951976236 0.011173533083645446 0.013988074073321552 0.2372212762170354 0.0037664917009504898
decision_type=2 2 2 2 2 2 2 2 2 2 2 2 2 2
left_child=-1 2 3 4 -2 8 -7 -4 10 -8 -3 -10 -9 -5
right_child=1 5 7 13 -6 6 9 12 11 -11 -12 -13 -14 -15
leaf_value=-0.041240789918958076 -0.035536278842492761 0.017940084317420377 -0.062761771993252599 -0.0043471436097133765 -0.0021501642028632873 -0.068377942994038834 0.024107625835105513 0.020717408145196743 -0.045321041302692884 0.0049851259306041215 0.043622254175344079 0.012841248511185836 -0.03575477913221644 0.024913060057420153
leaf_weight=195.30244350695511 119.74906366809637 117.35201875954499 70.93935639396841 40.715814246514128 972.42036962164639 86.923240808921037 380.43779846591133 21.264099666084803 11.047479803070017 214.44854737140304 165.87451318414242 34.454267929322668 15.113992721657267 252.15404285787372
leaf_count=596520 353618 5087 26764 4697 255031 14218 7616 1154 1410 12631 1209 376 584 5158
internal_value=-1.70616e-10 0.00329385 -0.00351827 -0.000235224 -0.00595599 0.0133217 0.00597028 -0.0439926 0.0282514 0.0173132 0.0334769 -0.00436909 -0.00423043 0.0208405
internal_weight=2698.2 2502.89 1492.36 1385.04 1092.17 1010.54 681.81 107.317 328.728 594.886 283.227 45.5017 36.3781 292.87
internal_count=1286073 689553 647006 618504 608649 42547 34465 28502 8082 20247 6296 1786 1738 9855
is_linear=0
shrinkage=0.05


Tree=65
num_leaves=15
num_cat=0
split_feature=2 9 3 5 5 4 6 9 9 9 9 7 9 6
split_gain=144.814 62.9846 45.1433 31.8371 31.6711 43.903 29.2782 24.125 30.971 51.4669 17.6899 11.5871 9.2879 8.35759
threshold=1.0000000180025095e-35 0.87912638030957113 0.89875309525348113 0.012006678233928416 0.01853387999776426 0.010152545866831583 1.0000000180025095e-35 0.95723369742669007 0.92210844357341182 0.93697896052090379 0.91742625495946184 1.9166666666666667 0.79909090909090918 0.29317468365012278
decision_type=2 2 2 2 2 2 2 2 2 2 2 2 2 2
left_child=3 2 11 -1 5 -4 -6 8 10 -10 -3 -2 -5 -14
right_child=1 7 4 12 6 -7 -8 -9 9 -11 -12 -13 13 -15
leaf_value=-0.045777072095577263 -0.044360009534919032 0.0077059255647945806 0.0011642099716070596 -0.044208905185138848 0.040160839079772186 -0.030419007069949041 0.003872286324240911 0.041170366507859851 -0.068343266481595569 0.0058934719601615865 0.020770152971217152 -0.015176997482966612 -0.023506318053503245 0.0013860778620881772
leaf_weight=170.37005756701956 69.549348569671565 721.11985236423789 348.00321374991381 16.983456649298205 62.057320384177729 155.67540805870067 333.09154126046633 61.304534503215109 27.343940623675735 81.493774059488715 409.02633958657862 77.354547805090078 50.96484853721995 83.534537076426204
leaf_count=585430 169755 58580 226636 13828 845 107482 31092 873 5703 4298 9075 43921 14693 13862
internal_value=-1.37166e-09 0.0043354 -0.00478834 -0.0311841 -0.000524825 -0.00880048 0.0100019 0.0116632 0.0100436 -0.0149401 0.0125048 -0.0299986 -0.0138333 -0.00855066
internal_weight=2667.87 2346.02 1045.73 321.853 898.827 503.679 395.149 1300.29 1238.98 108.838 1130.15 146.904 151.483 134.499
internal_count=1286073 658260 579731 627813 366055 334118 31937 78529 77656 10001 67655 213676 42383 28555
is_linear=0
shrinkage=0.05


Tree=66
num_leaves=15
num_cat=0
split_feature=2 9 12 10 5 1 9 5 6 9 4 3 4 4
split_gain=137.155 62.2334 35.8602 33.4519 31.0402 27.3044 23.0988 18.9105 17.1359 8.72913 7.92125 7.14054 7.7633 5.59535
threshold=1.0000000180025095e-35 0.81964459054494021 1.0000000180025095e-35 1.0000000180025095e-35 0.012006678233928416 1.0000000180025095e-35 0.80090909090909101 0.011459932275409179 0.3822353922291864 0.79909090909090918 0.75000000000000011 0.88974513662052768 0.013423423423423427 0.11805555555555557
decision_type=2 2 2 2 2 2 2 2 2 2 2 2 2 2
left_child=4 6 3 5 -1 -3 7 -2 -9 -6 -5 13 -13 -11
right_child=1 2 -4 10 9 -7 -8 8 -10 11 -12 12 -14 -15
leaf_value=-0.045600010376203093 -0.037274827278592611 0.0094515688581404324 -0.054381985356809992 -0.048315618599672969 -0.043602211530177293 -0.04169237644014985 -0.048639557912151708 0.0015737523163179166 -0.045834767477897193 -0.042774893088711831 0.01702217372987392 0.018328817523696528 -0.010292194565743637 0.0044328409965128544
leaf_weight=163.58383349118503 48.013557402982315 1971.7183822272782 18.399686036102139 27.21675107954616 16.335775959269085 21.597179677823078 44.679176793179067 177.63248271184602 16.314049591639559 17.400066079470893 2.8688757619820526 27.857169071103272 80.39649728229233 7.511325444414978
leaf_count=585430 203488 204424 27907 32017 13828 11406 119806 44081 15120 15235 11 4457 8355 508
internal_value=-1.58675e-09 0.00419856 0.00726941 0.00796271 -0.0308003 0.0087945 -0.0174255 -0.0107936 -0.00346579 -0.0136548 -0.0405473 -0.00853605 -0.00244305 -0.0301791
internal_weight=2641.52 2328.44 2041.8 2023.4 313.085 1993.32 286.639 241.96 193.947 149.501 30.0856 133.165 108.254 24.9114
internal_count=1286073 658260 275765 247858 627813 215830 382495 262689 59201 42383 32028 28555 12812 15743
is_linear=0
shrinkage=0.05


Tree=67
num_leaves=15
num_cat=0
split_feature=2 9 3 5 5 4 6 9 9 9 9 7 4 4
split_gain=128.663 57.8873 39.766 30.6316 28.0593 39.2769 29.1109 21.8885 25.7726 46.3113 15.9039 11.2863 7.41619 6.59359
threshold=1.0000000180025095e-35 0.87912638030957113 0.89875309525348113 0.018947083501492629 0.01853387999776426 0.010152545866831583 1.0000000180025095e-35 0.95723369742669007 0.92210844357341182 0.93697896052090379 0.88029508833236281 1.9166666666666667 0.0088107436733426501 0.75000000000000011
decision_type=2 2 2 2 2 2 2 2 2 2 2 2 2 2
left_child=3 2 11 -1 5 -4 -6 8 10 -10 -3 13 -13 -2
right_child=1 7 4 -5 6 -7 -8 -9 9 -11 -12 12 -14 -15
leaf_value=-0.040805360255349227 -0.046884776061265017 0.023135862429957479 0.00063849676737249813 -0.0062183731228879794 0.039081077018668892 -0.029696341666975865 0.0029427181048454045 0.039380062930702453 -0.066199567738759388 0.0060645678957108014 0.0085769752005468419 0.0036503142848280951 -0.0268483603680249 0.015143011422824605
leaf_weight=209.18739625506714 62.799673772751248 238.02668550163071 346.78621304950866 94.205350086402177 62.358657546508766 149.00490500630531 328.54079848432593 60.425804575043003 25.431981641359016 79.068027538425667 883.42667571445327 32.224157916004515 43.071044593621991 2.3198372867191202
leaf_count=618788 169734 8357 226636 9025 845 107482 31092 873 5703 4298 59298 33851 10070 21
internal_value=3.15738e-10 0.00403578 -0.00480327 -0.0303408 -0.000824055 -0.0086838 0.00912849 0.0110846 0.00953562 -0.013742 0.0117561 -0.0290389 -0.0143813 -0.0437528
internal_weight=2616.88 2313.48 1027.11 303.393 886.691 495.791 390.899 1286.38 1225.95 104.5 1121.45 140.415 75.2952 65.1195
internal_count=1286073 658260 579731 627813 366055 334118 31937 78529 77656 10001 67655 213676 43921 169755
is_linear=0
shrinkage=0.05


Tree=68
num_leaves=15
num_cat=0
split_feature=5 9 9 7 9 9 9 9 4 6 7 9 9 9
split_gain=122.856 70.6435 56.3972 57.4512 43.8377 175.465 39.6526 35.0524 34.8132 19.4284 18.6974 18.5107 14.0257 10.3737
threshold=0.0057803492016298913 0.89832354935376557 0.88029508833236281 0.29166666666666669 0.89993270944637238 0.91742625495946184 0.8787180979442325 0.8979068407205465 0.75000000000000011 0.47057891539517499 2.9000000000000004 0.87826463391680798 0.90118055555555554 0.88029508833236281
decision_type=2 2 2 2 2 2 2 2 2 2 2 2 2 2
left_child=11 2 3 8 10 12 -5 -4 -2 -7 -3 -1 -6 -13
right_child=1 4 7 6 5 9 -8 -9 -10 -11 -12 13 -14 -15
leaf_value=-0.044563988577191765 -0.043150871965451851 0.034258708442800871 -0.060892858954559072 -0.002214839856069998 -0.0063515752850868681 0.01839876466344733 0.019591489536041909 0.002635458234617037 0.029290347001215696 -0.023246845063301914 -0.00064956974703318533 0.0078288296436932314 -0.072597542850438901 -0.025172313660957502
leaf_weight=141.3325148991371 105.11243439270174 268.26016600224284 60.941934029045115 933.18737695722211 10.225292046025059 521.70830396479323 263.15020434285634 31.774217088650403 15.910614571992481 25.422892171667627 44.408575436283172 29.883265089038559 61.959605554786322 83.398851774006744
leaf_count=611958 251922 6612 23534 228719 1653 20216 7849 1636 1130 233 2103 19450 11540 97518
internal_value=-6.79239e-10 0.00361016 -0.00344993 -0.000728577 0.0142534 0.00644824 0.00264333 -0.0401006 -0.0328429 0.0162707 0.0293685 -0.0326379 -0.0642329 -0.0165038
internal_weight=2596.68 2342.06 1410.08 1317.36 931.985 619.316 1196.34 92.7162 121.023 547.131 312.669 254.615 72.1849 113.282
internal_count=1286073 557147 514790 489620 42357 33642 236568 25170 253052 20449 8715 728926 13193 116968
is_linear=0
shrinkage=0.05


Tree=69
num_leaves=15
num_cat=0
split_feature=2 9 9 9 9 9 5 9 9 6 9 7 9 6
split_gain=118.819 56.3298 40.0733 155.968 29.9139 34.5187 28.2761 22.7213 21.1548 13.8227 9.4654 9.32268 8.41136 7.55225
threshold=1.0000000180025095e-35 0.83914845405209448 0.83999327877942653 0.85860931501109905 0.82024390243902456 0.81964459054494021 0.011586397842959775 0.95723369742669007 0.80090909090909101 0.32308117642730172 0.83944694082572735 0.36666666666666675 0.79909090909090918 0.29317468365012278
decision_type=2 2 2 2 2 2 2 2 2 2 2 2 2 2
left_child=6 4 10 -4 5 8 -1 -5 -2 -7 11 -3 -8 -14
right_child=1 2 3 7 -6 9 12 -9 -10 -11 -12 -13 13 -15
leaf_value=-0.045217467926306903 -0.010644107189322405 0.04033356104252888 -0.059629146711033448 0.0074890631157239181 -0.049177538495619913 0.021255967041545414 -0.043164856738734686 0.037606067175208834 -0.048082112816913929 -0.029042197257488456 0.035108680567804543 -0.0089691331453256844 -0.022950905502434869 0.0010506128700042779
leaf_weight=144.35298676425828 235.07215049056094 8.5898088829526369 83.022497727781229 1519.2717568881726 43.940941696169375 102.1329782640023 16.146653942974808 60.767371218622429 41.199972463589347 11.237727619905852 146.37197685676074 28.324739172261616 49.471319068230514 81.247130117963025
leaf_count=581231 262689 822 56218 130543 74256 5563 15078 873 119806 1407 4578 1505 16728 14776
internal_value=-1.201e-10 0.00386257 0.00767204 0.00517961 -0.012262 -0.00752861 -0.0297946 0.00876232 -0.0169826 0.0152541 0.0295491 0.00594618 -0.013646 -0.00854382
internal_weight=2571.15 2279.93 1846.35 1663.06 433.584 389.643 291.218 1580.04 276.272 113.371 183.287 36.9145 146.865 130.718
internal_count=1286073 658260 194539 187634 463721 389465 627813 131416 382495 6970 6905 2327 46582 31504
is_linear=0
shrinkage=0.05


Tree=70
num_leaves=15
num_cat=0
split_feature=2 9 12 10 3 5 9 9 9 9 5 6 4 4
split_gain=113.281 54.0169 32.8763 30.0844 27.2531 25.2391 19.7968 17.1907 41.5314 8.76731 7.7744 7.21497 6.87833 6.71556
threshold=1.0000000180025095e-35 0.81964459054494021 1.0000000180025095e-35 1.0000000180025095e-35 0.88974513662052768 0.0069126871662119017 0.80090909090909101 0.76001625817989693 0.76149954325065006 0.79909090909090918 0.027263427818526507 0.29317468365012278 0.11805555555555557 0.75000000000000011
decision_type=2 2 2 2 2 2 2 2 2 2 2 2 2 2
left_child=4 6 3 5 12 -3 7 10 -9 -6 -2 -11 -1 -5
right_child=1 2 -4 13 9 -7 -8 8 -10 11 -12 -13 -14 -15
leaf_value=-0.047589660299988311 -0.043376869817855754 -0.0092534338314479402 -0.05336184775563671 -0.047622946158394956 -0.042916195664072704 0.0099502194414900005 -0.047738705475373101 0.046395142217133645 -0.014037730882986883 -0.020883338675836204 0.0031756164364965898 0.0024186895163380807 -0.00040767993652387509 0.015441971305015196
leaf_weight=131.53623575733491 41.949498190454506 185.61242767146678 17.642257500505366 25.103700556272091 16.962926242152207 1754.8677412059733 39.212175959037268 29.704483244274343 152.65758449256009 55.325026684318345 10.281170250906142 71.892387257397786 8.2797421935938456 2.4973493586294344
leaf_count=534023 71151 117957 27907 32017 33160 97873 119806 3736 187501 43132 301 16737 761 11
internal_value=4.42416e-10 0.00376215 0.00664139 0.00731313 -0.0294796 0.00809427 -0.0168636 -0.0108143 -0.00321856 -0.0135164 -0.0347365 -0.00812154 -0.0449061 -0.0404236
internal_weight=2543.52 2259.53 1985.72 1968.08 283.996 1940.48 273.805 234.593 182.362 144.18 52.2307 127.217 139.816 27.601
internal_count=1286073 658260 275765 247858 627813 215830 382495 262689 191237 93029 71452 59869 534784 32028
is_linear=0
shrinkage=0.05


Tree=71
num_leaves=15
num_cat=0
split_feature=7 5 4 12 9 9 9 9 8 9 8 0 5 9
split_gain=107.47 53.1322 48.8882 44.9931 36.0223 49.2394 35.6021 20.6868 18.4866 12.9472 12.8334 5.7499 5.32878 5.03743
threshold=1.0000000180025095e-35 0.0065791959589129641 0.75000000000000011 1.0000000180025095e-35 0.89832354935376557 0.88029508833236281 0.89993270944637238 0.91742625495946184 0.23271335681323799 0.91979137321978599 0.24731690242023249 1.0000000180025095e-35 0.0025876018301528854 0.91955114257907289
decision_type=2 2 2 2 2 2 2 2 2 2 2 2 2 2
left_child=2 7 8 4 5 -3 -6 -2 -1 13 11 -10 -11 -9
right_child=1 3 -4 -5 6 -7 -8 9 10 12 -12 -13 -14 -15
leaf_value=-0.046395610032180061 -0.031811666609606146 0.0036285023192288244 0.032823907396997518 -0.059187437023590229 0.028626503847887608 -0.036390568614210549 0.0070108256230395245 0.0031050468983534044 -0.017664169180239164 0.015717277623677983 -0.026078156959300554 0.035406336088019685 -0.037963053994583613 0.043741150099916776
leaf_weight=167.00669067995022 134.60918131696326 1139.9718578866155 23.331487768544321 21.449483445948317 284.27368017569734 77.397619316980581 571.95224346699979 14.645108643709591 3.7273570369056861 3.2292977440374662 41.78688146427794 12.064993016108927 11.696276152038079 13.033512958074425
leaf_count=587966 281354 200348 1175 23382 4986 13297 17511 4986 9541 3228 109941 9562 16036 2760
internal_value=-1.0827e-09 0.00343416 -0.0309211 0.00567434 0.00648603 0.000945734 0.0143119 -0.0224786 -0.0381139 0.00725369 -0.0123055 0.0216449 -0.0253192 0.0260049
internal_weight=2520.18 2272.26 247.917 2095.04 2073.6 1217.37 856.226 177.213 224.586 42.6042 57.5792 15.7924 14.9256 27.6786
internal_count=1286073 567888 718185 259524 236142 213645 22497 308364 717010 27010 129044 19103 19264 7746
is_linear=0
shrinkage=0.05


Tree=72
num_leaves=15
num_cat=0
split_feature=2 9 9 9 9 9 5 5 9 9 9 4 5 3
split_gain=104.077 50.2343 34.8195 140.384 28.4747 28.622 25.2103 20.7386 18.7562 9.30503 7.22178 6.80178 10.6191 6.88817
threshold=1.0000000180025095e-35 0.83914845405209448 0.83999327877942653 0.85860931501109905 0.82024390243902456 0.81964459054494021 0.011586397842959775 0.013450445032757202 0.80090909090909101 0.8199828281039524 0.79909090909090918 0.013423423423423427 0.024317746240414963 0.97226613828493991
decision_type=2 2 2 2 2 2 2 2 2 2 2 2 2 2
left_child=6 4 -3 -4 5 8 -1 -5 -2 -7 -8 13 -13 -12
right_child=1 2 3 7 -6 9 10 -9 -10 -11 11 12 -14 -15
leaf_value=-0.044608851053583698 -0.010236820462992728 0.027808589069235341 -0.058765211450522686 0.0012903267960855899 -0.048907325028548408 0.020347224912772292 -0.042008671206466536 0.013021979806033252 -0.047161875787510868 -0.01439216029982454 -0.027234633407445936 -0.026832970977742315 0.0070316256865802368 0.020279862862455048
leaf_weight=129.15521570874353 229.62167336461016 179.27763228492222 77.43511812008046 641.33938713582666 41.525223826628007 90.68254630843785 14.91126840835568 912.10466328153234 36.583199859085198 20.309636977441187 5.3440212825234985 62.501523944849396 32.582271475868765 26.987979441240896
leaf_count=581231 262689 6905 56218 108406 74256 3308 15078 23010 119806 3662 10407 14851 1591 4655
internal_value=-9.7496e-10 0.00358164 0.00719315 0.00484889 -0.0119317 -0.00727454 -0.0289384 0.00819825 -0.0160872 0.0136441 -0.0136869 -0.00891137 -0.0154571 0.00983061
internal_weight=2500.36 2228.88 1810.16 1630.88 418.722 377.197 271.482 1553.44 266.205 110.992 142.327 127.416 95.0838 32.332
internal_count=1286073 658260 194539 187634 463721 389465 627813 131416 382495 6970 46582 31504 16442 15062
is_linear=0
shrinkage=0.05


Tree=73
num_leaves=15
num_cat=0
split_feature=2 9 9 9 9 3 9 1 9 6 9 9 7 4
split_gain=97.6872 48.6356 29.2962 129.434 26.0045 25.0821 23.8133 20.5275 17.8012 10.4006 7.96978 6.52993 9.01363 6.43336
threshold=1.0000000180025095e-35 0.83914845405209448 0.83999327877942653 0.85860931501109905 0.82024390243902456 0.88974513662052768 0.81964459054494021 1.0000000180025095e-35 0.80090909090909101 0.32308117642730172 0.8787180979442325 0.83944694082572735 0.36666666666666675 0.11805555555555557
decision_type=2 2 2 2 2 2 2 2 2 2 2 2 2 2
left_child=5 4 11 -4 6 13 8 -5 -2 -8 -7 12 -3 -1
right_child=1 2 3 7 -6 10 9 -9 -10 -11 -12 -13 -14 -15
leaf_value=-0.047154559618541571 -0.010034617392075762 0.039666704805326587 -0.058103141522025586 0.0085938699197356146 -0.048307037334431091 -0.022754021169958241 0.01662159472790788 -0.044968487423060338 -0.046765891319976743 -0.027988302039371249 0.0011368929594516985 0.030487245693669646 -0.009473910840378047 -0.0007011973726683264
leaf_weight=117.28683409525365 227.51762602970348 8.3089756187109725 72.821455204297763 1530.6730680636929 39.116310836377124 80.85382926405282 101.24210279212821 13.212171788240083 34.656981296347112 10.311781562766553 58.057120940815366 144.45317368137694 26.886294070885924 8.0990472127195954
leaf_count=534023 262689 822 56218 125190 74256 83799 5563 6226 119806 1407 9230 4578 1505 761
internal_value=-8.74317e-10 0.00345831 0.00701637 0.00484473 -0.0119221 -0.0284348 -0.00752639 0.00799181 -0.0156745 0.0114742 -0.0130764 0.0258992 0.00561845 -0.044296
internal_weight=2473.5 2209.2 1796.36 1616.71 412.845 264.297 373.728 1543.89 262.175 111.554 138.911 179.648 35.1953 125.386
internal_count=1286073 658260 194539 187634 463721 627813 389465 131416 382495 6970 93029 6905 2327 534784
is_linear=0
shrinkage=0.05


Tree=74
num_leaves=15
num_cat=0
split_feature=7 5 4 12 9 9 9 8 9 8 9 0 5 9
split_gain=93.8633 45.2633 42.6351 42.1715 31.4163 47.0679 17.8289 17.3283 14.0043 12.0622 10.8898 5.14816 5.07504 4.50047
threshold=1.0000000180025095e-35 0.0065791959589129641 0.75000000000000011 1.0000000180025095e-35 0.8787180979442325 0.86012345679012359 0.91742625495946184 0.23271335681323799 0.95723369742669007 0.24731690242023249 0.91979137321978599 1.0000000180025095e-35 0.0025876018301528854 0.85860931501109905
decision_type=2 2 2 2 2 2 2 2 2 2 2 2 2 2
left_child=2 6 7 4 5 -3 13 -1 -6 11 -8 -9 -12 -2
right_child=1 3 -4 -5 8 -7 10 9 -10 -11 12 -13 -14 -15
leaf_value=-0.045612805560433567 -0.042494103619015539 0.002444745666712361 0.031681273444587002 -0.058486514610379903 0.010010701209871308 -0.038084946870825372 0.023401992004064506 -0.016812125751828149 0.034855430122298817 -0.025544626135547907 0.013602769028173601 0.034139656399734361 -0.037050429951814713 -0.020548855491281739
leaf_weight=152.50771749611295 49.968296079890706 789.11284709462552 21.374760490420158 20.691481769420534 1112.7665071783695 73.741704693558859 27.539024196248192 3.4955389768829255 55.904432961645398 39.342014954940623 4.0709569054015438 11.977262949008944 11.129754809445783 75.740057047562232
leaf_count=587966 182807 175865 1175 23382 40740 18970 7746 9541 567 109941 3228 9562 16036 98547
internal_value=-7.70532e-10 0.00316522 -0.0301446 0.00522667 0.00601761 -0.00121849 -0.0213764 -0.0371148 0.0113426 -0.0116347 0.00601708 0.0213342 -0.0234756 -0.0305638
internal_weight=2449.36 2220.67 228.697 2052.22 2031.53 862.855 168.448 207.323 1168.67 54.8148 42.7397 15.4728 15.2007 125.708
internal_count=1286073 567888 718185 259524 236142 194835 308364 717010 41307 129044 27010 19103 19264 281354
is_linear=0
shrinkage=0.05


Tree=75
num_leaves=15
num_cat=0
split_feature=2 12 7 4 5 6 3 8 0 9 9 8 4 6
split_gain=90.4824 44.8766 38.0612 28.0028 26.5345 34.3497 23.2793 15.5837 8.76942 7.6693 7.14645 8.48415 6.09747 3.6129
threshold=1.0000000180025095e-35 1.0000000180025095e-35 1.0000000180025095e-35 0.75000000000000011 0.027263427818526507 0.20907305455034789 0.88974513662052768 0.23271335681323799 1.0000000180025095e-35 0.79909090909090918 0.80090909090909101 0.20993866958013926 0.11805555555555557 0.34863852597253653
decision_type=2 2 2 2 2 2 2 2 2 2 2 2 2 2
left_child=6 2 3 7 5 -4 12 -2 -6 -8 13 -12 -1 -11
right_child=1 -3 4 -5 8 -7 9 -9 -10 10 11 -13 -14 -15
leaf_value=-0.046885791064598614 -0.04059597910060371 -0.059721173406787169 0.010317847317528831 0.032893367479669353 -0.0016756650874677457 -0.0035601742620894987 -0.041748739262690647 -0.0015106051069375711 0.025307280149259415 -0.0083418403921310929 -0.0054446475415598815 -0.039821914465206505 -0.00097845595712997926 0.032190488006125874
leaf_weight=109.03210772945067 84.398433404532625 22.890767797683111 936.97426124017056 16.823422605979431 34.525747739957296 842.9055503347372 15.523096387321855 36.237222674588338 202.41307884504567 5.9164485691717372 87.441463230622048 18.323204071401051 7.9532596621502298 10.382516786192808
leaf_count=534023 285106 33438 176944 495 478 99898 33160 60194 1707 6715 37771 14011 761 1372
internal_value=-4.48664e-10 0.00331961 0.0041262 -0.0208738 0.00587752 0.00375401 -0.0279073 -0.0293827 0.0214221 -0.0132186 -0.00809026 -0.0129291 -0.0439328 0.0189731
internal_weight=2431.74 2177.17 2154.28 137.459 2016.82 1779.88 254.572 120.636 236.939 137.587 122.064 105.765 116.985 16.299
internal_count=1286073 658260 624822 345795 279027 276842 627813 345300 2185 93029 59869 51782 534784 8087
is_linear=0
shrinkage=0.05


Tree=76
num_leaves=15
num_cat=0
split_feature=2 9 9 9 9 9 5 1 3 9 9 4 5 9
split_gain=85.4709 43.0458 29.1738 113.454 24.2939 24.607 22.8756 18.7918 16.2615 8.25035 6.58697 6.36612 8.95786 6.26724
threshold=1.0000000180025095e-35 0.83914845405209448 0.83999327877942653 0.85860931501109905 0.82024390243902456 0.81964459054494021 0.011586397842959775 1.0000000180025095e-35 0.97226613828493991 0.8199828281039524 0.79909090909090918 0.013423423423423427 0.01989165278083262 0.83969696965349094
decision_type=2 2 2 2 2 2 2 2 2 2 2 2 2 2
left_child=6 4 13 -4 5 8 -1 -5 -2 -7 -8 -12 -13 -3
right_child=1 2 3 7 -6 9 10 -9 -10 -11 11 12 -14 -15
leaf_value=-0.043750816043448611 -0.041095600190628807 0.015171700502056091 -0.056926118337720349 0.0078490765815858506 -0.047810394290891303 0.018884553606710781 -0.04085224543839866 -0.044431043920711143 -0.0092074955654844609 -0.014093407331855738 0.0095336466995544211 -0.038138663858076169 -0.004404404324750171 0.035309980521144584
leaf_weight=112.46817081023346 45.858690287099762 91.158112385162894 67.090848327260119 1507.2239754991415 36.506378115983352 87.724245609282661 13.731660232092507 12.484773523123293 210.61912069859272 19.926227891002782 32.737775996207347 24.117811953749879 65.635813571643666 85.0236937282898
leaf_count=581231 146551 4178 56218 125190 74256 3308 15078 6226 235944 3662 15062 12315 4127 2727
internal_value=1.3594e-10 0.00321237 0.00657612 0.00439053 -0.0114883 -0.00724848 -0.0274602 0.00727529 -0.015586 0.0124257 -0.0129375 -0.00832875 -0.0150034 0.0255965
internal_weight=2412.31 2163.62 1762.98 1586.8 400.635 364.128 248.691 1519.71 256.478 107.65 136.223 122.491 89.7536 176.182
internal_count=1286073 658260 194539 187634 463721 389465 627813 131416 382495 6970 46582 31504 16442 6905
is_linear=0
shrinkage=0.05


Tree=77
num_leaves=15
num_cat=0
split_feature=2 9 9 9 9 9 3 12 9 9 9 9 6 7
split_gain=80.7482 40.5272 26.6715 102.725 22.6603 23.2751 22.0922 17.5739 15.7069 7.06322 6.92497 6.46624 8.67689 7.98518
threshold=1.0000000180025095e-35 0.83914845405209448 0.83999327877942653 0.85860931501109905 0.82024390243902456 0.81964459054494021 0.88974513662052768 1.0000000180025095e-35 0.80090909090909101 0.79909090909090918 0.8199828281039524 0.83969696965349094 0.13707232935183319 2.9000000000000004
decision_type=2 2 2 2 2 2 2 2 2 2 2 2 2 2
left_child=6 4 11 -4 5 8 -1 -5 -2 -8 -7 12 -3 -13
right_child=1 2 3 7 -6 10 9 -9 -10 -11 -12 13 -14 -15
leaf_value=-0.043415461812018025 -0.010122531685711214 0.02905948426136705 -0.056012676357185688 0.0074682317948615061 -0.04726481626655081 0.017853595226482701 -0.040822510432504983 -0.044717938891102559 -0.045937836455038246 -0.007758297724428387 -0.012656104848843922 0.03832542712791083 -0.00084732896106771223 -0.013332058638569809
leaf_weight=108.53559108674244 221.16105432535255 43.231632496015663 62.736596931721124 1503.0908650594979 34.611060654859557 87.286250606458452 14.522585290701953 11.396583410286437 31.624134851675763 118.85412790784767 19.460903315368341 79.665624158413266 48.230184052006734 5.7869185519703015
leaf_count=534784 262689 2783 56218 109309 74256 3308 33160 22107 119806 59869 3662 1943 1395 784
internal_value=-9.1609e-10 0.00310552 0.00636275 0.00425695 -0.0112889 -0.00722486 -0.0270827 0.00692967 -0.0154072 -0.0127034 0.011974 0.0245034 0.0140624 0.0342836
internal_weight=2390.19 2148.28 1754.14 1577.22 394.143 359.532 241.912 1514.49 252.785 133.377 106.747 176.914 91.4618 85.4525
internal_count=1286073 658260 194539 187634 463721 389465 627813 131416 382495 93029 6970 6905 4178 2727
is_linear=0
shrinkage=0.05


Tree=78
num_leaves=15
num_cat=0
split_feature=2 9 9 9 5 9 9 1 3 9 9 4 5 3
split_gain=76.6325 38.7972 23.8865 94.0646 21.783 21.1299 20.7068 17.2289 15.4598 6.10077 5.95835 5.50353 8.5019 5.40282
threshold=1.0000000180025095e-35 0.83914845405209448 0.83999327877942653 0.85860931501109905 0.011586397842959775 0.82024390243902456 0.81964459054494021 1.0000000180025095e-35 0.97226613828493991 0.8199828281039524 0.79909090909090918 0.013423423423423427 0.01989165278083262 0.97226613828493991
decision_type=2 2 2 2 2 2 2 2 2 2 2 2 2 2
left_child=4 5 -3 -4 -1 6 8 -5 -2 -8 -6 13 -13 -12
right_child=1 2 3 7 10 -7 9 -9 -10 -11 11 12 -14 -15
leaf_value=-0.043287244617262986 -0.04065580687797455 0.023442445720631765 -0.055217796818848433 0.0072528249742003156 -0.039774864493714965 -0.046783393717161198 0.016226735707150802 -0.043514177500473539 -0.0088720485254819379 -0.012357573548536394 -0.025528735905630748 -0.037325766502616375 -0.0039908562354116677 0.017469926677886858
leaf_weight=104.53421717659103 43.384990360421398 175.57156090958961 58.939479038888294 1496.6646717566873 12.771485026950812 32.808360432019526 88.020921818584611 11.989288322554783 206.13260188070308 19.420597576708133 4.7094893184939783 23.157816705705955 64.147133787264465 27.63455719992271
leaf_count=581231 146551 6905 56218 125190 15078 74256 3308 6226 235944 3662 10407 12315 4127 4655
internal_value=1.15672e-09 0.00301834 0.00620907 0.00421052 -0.0266703 -0.0111495 -0.00727337 0.00670697 -0.0150886 0.0107402 -0.012455 -0.00806036 -0.0143759 0.00862928
internal_weight=2369.89 2132.93 1743.17 1567.59 236.955 389.767 356.959 1508.65 249.518 107.442 132.42 119.649 87.305 32.344
internal_count=1286073 658260 194539 187634 627813 463721 389465 131416 382495 6970 46582 31504 16442 15062
is_linear=0
shrinkage=0.05


Tree=79
num_leaves=15
num_cat=0
split_feature=7 12 5 4 9 6 8 9 8 9 4 0 5 9
split_gain=74.2331 37.6905 37.4891 33.5527 27.1018 21.6936 17.1748 16.4445 11.329 8.84077 6.90194 4.55688 4.2192 3.87793
threshold=1.0000000180025095e-35 1.0000000180025095e-35 0.0065791959589129641 0.75000000000000011 0.76001625817989693 0.20907305455034789 0.23271335681323799 0.91742625495946184 0.24731690242023249 0.91979137321978599 0.75000000000000011 1.0000000180025095e-35 0.0032812023157147508 0.85860931501109905
decision_type=2 2 2 2 2 2 2 2 2 2 2 2 2 2
left_child=3 2 7 6 10 -6 -1 13 11 -9 -4 -8 -10 -2
right_child=1 -3 4 -5 5 -7 8 9 12 -11 -12 -13 -14 -15
leaf_value=-0.044708769677047761 -0.041164560618368151 -0.058015865724887684 -0.037778675534835014 0.029357732730850863 0.012205494601628812 0.0015287439778446507 -0.01531497408448909 0.022434911596766829 0.004846361758761142 -0.021203054483195899 0.016489927828613655 0.034282698327052941 -0.032257337618148897 -0.019625786422919293
leaf_weight=130.60448583414245 43.376087093953856 20.246520499852522 39.438410258735075 18.632017416264716 847.39189357314626 1080.5387913535801 3.1168952295092813 26.768746138267943 8.5161482561554731 13.579650105046083 3.8866935594705856 11.68742661602573 26.999368793092572 71.732835628699377
leaf_count=587966 182760 26943 23617 1175 103029 109385 9541 7352 31283 17829 111 9562 78658 96862
internal_value=-1.30975e-09 0.00273604 0.00344913 -0.0287835 0.00532881 0.00624098 -0.0353996 -0.0198092 -0.00938055 0.00702966 -0.0317078 0.0226102 -0.0238602 -0.0291179
internal_weight=2346.52 2146.96 2126.71 199.556 1971.26 1927.93 180.924 155.457 50.3198 40.3484 43.3251 14.8043 35.5155 115.109
internal_count=1286073 567888 540945 718185 236142 212414 717010 304803 129044 25181 23728 19103 109941 279622
is_linear=0
shrinkage=0.05


Tree=80
num_leaves=15
num_cat=0
split_feature=2 9 10 3 9 9 9 9 9 9 9 8 4 6
split_gain=70.4315 35.517 20.3388 19.9081 19.7066 19.1232 19.0958 83.7922 14.6096 6.15616 5.7546 7.92549 5.73249 5.41326
threshold=1.0000000180025095e-35 0.83914845405209448 1.0000000180025095e-35 0.88974513662052768 0.82024390243902456 0.81964459054494021 0.83999327877942653 0.85860931501109905 0.80090909090909101 0.79909090909090918 0.80090909090909101 0.20993866958013926 0.11805555555555557 0.33356313689137912
decision_type=2 2 2 2 2 2 2 2 2 2 2 2 2 2
left_child=3 4 6 12 5 8 -3 -8 -2 -5 -11 -12 -1 -7
right_child=1 2 -4 9 -6 13 7 -9 -10 10 11 -13 -14 -15
leaf_value=-0.045958820285735863 -0.0096571695222497245 0.022050796742939943 -0.038602134453547543 -0.039677185428248579 -0.046267299834734196 0.013269016398176809 -0.054274028016715749 0.0070328774239251067 -0.045327814423698508 0.017002728281595058 -0.004816550175602308 -0.038884065771244418 -0.00047096845055093157 -0.025709518002218157
leaf_weight=90.68835142013063 214.87759451307329 173.72540089112044 20.379394998886255 13.270077111699718 30.835551088696775 100.57866849671382 52.942091420154156 1478.7413566007112 29.127020304297275 15.495582473269222 82.542015590788878 17.17000750983334 7.5788777456182279 5.1280637212703359
leaf_count=534023 262689 5987 23790 33160 74256 5791 49443 115319 119806 8087 37771 14011 761 1179
internal_value=3.93368e-10 0.00287201 0.00592306 -0.0261658 -0.0108619 -0.00713189 0.00656642 0.00474413 -0.0147399 -0.0124375 -0.00778012 -0.0122594 -0.0426432 0.0103023
internal_weight=2333.08 2106.34 1725.79 226.745 380.547 349.711 1705.41 1531.68 244.005 128.478 115.208 99.712 98.2672 105.707
internal_count=1286073 658260 194539 627813 463721 389465 170749 164762 382495 93029 59869 51782 534784 6970
is_linear=0
shrinkage=0.05


Tree=81
num_leaves=15
num_cat=0
split_feature=2 12 10 1 9 5 6 6 9 9 4 9 4 4
split_gain=66.0933 36.0014 31.627 25.7099 23.7305 19.1856 6.43449 7.51556 7.4714 6.90545 6.84228 7.73245 6.47247 4.98294
threshold=1.0000000180025095e-35 1.0000000180025095e-35 1.0000000180025095e-35 1.0000000180025095e-35 0.76001625817989693 0.011586397842959775 0.32929277784534233 0.39848639899959798 0.8787180979442325 0.80090909090909101 0.013423423423423427 0.89941970054763509 0.0091326105087572995 0.75000000000000011
decision_type=2 2 2 2 2 2 2 2 2 2 2 2 2 2
left_child=5 2 3 4 -2 -1 10 8 -8 -9 12 -12 -7 -4
right_child=1 -3 13 -5 -6 6 7 9 -10 -11 11 -13 -14 -15
leaf_value=-0.042341203676008486 -0.029891658320134913 -0.057175997989438232 -0.047499925645338809 -0.043584126405276549 0.0057785447617114561 -0.024643933847971134 -0.01408468647336405 0.0077977934495768956 0.025866133776030593 -0.040226875442718496 -0.044419840903573295 0.0015127470873442315 0.021905169385440827 0.012463041378823234
leaf_weight=93.682259428762336 42.853782940411747 19.760100502995556 29.520192399569854 22.702897930641939 1971.9214115390116 8.5510351112807275 14.632293932292667 10.512789302862531 26.445768398180007 12.863842612731785 31.754549883486106 11.776968637383105 11.649095121912977 1.8284299119550258
leaf_count=581231 60475 33438 75873 22102 466359 9334 8529 4052 1126 4318 15053 1003 3167 13
internal_value=1.66414e-09 0.00277782 0.00348693 0.00430159 0.00494773 -0.0256342 -0.0122931 -0.000875035 0.0116512 -0.021061 -0.0229371 -0.0331177 0.00122025 -0.0427693
internal_weight=2310.46 2088.59 2068.83 2037.48 2014.78 221.869 128.186 64.4547 41.0781 23.3766 63.7316 43.5315 20.2001 31.3486
internal_count=1286073 658260 624822 548936 526834 627813 46582 18025 9655 8370 28557 16056 12501 75886
is_linear=0
shrinkage=0.05


Tree=82
num_leaves=15
num_cat=0
split_feature=7 12 5 4 9 9 8 9 8 9 5 0 9 5
split_gain=64.1436 32.9842 31.5293 29.0013 23.4107 19.5999 17.7212 15.9864 10.4133 7.42719 6.30914 4.11159 3.49542 3.49206
threshold=1.0000000180025095e-35 1.0000000180025095e-35 0.0065791959589129641 0.75000000000000011 0.76001625817989693 0.76075375501719289 0.23271335681323799 0.91742625495946184 0.24731690242023249 0.91979137321978599 0.027263427818526507 1.0000000180025095e-35 0.85860931501109905 0.0032812023157147508
decision_type=2 2 2 2 2 2 2 2 2 2 2 2 2 2
left_child=3 2 7 6 10 -6 -1 12 11 -9 -4 -8 -2 -10
right_child=1 -3 4 -5 5 -7 8 9 13 -11 -12 -13 -14 -15
leaf_value=-0.044133161990943894 -0.040308712282913273 -0.056382797190354196 -0.039983151821076951 0.027966807027087006 0.046608693182356761 0.0050611942539735858 -0.014404287532158465 0.021779400500859337 0.004086685611660661 -0.018582166485664291 0.0038017484466943787 0.033506299604789187 -0.019080190258101086 -0.030246556379318001
leaf_weight=120.04594617048201 39.656193373412862 18.532897887094805 31.381611559706471 17.283976126982452 23.91699546064774 1879.284418781715 2.9098023682086014 26.524461677421186 8.411755930385878 13.263378977258524 9.5778469012002443 11.835295243773087 69.154191035644999 24.763284918747331
leaf_count=587966 182760 26943 23506 1175 1034 211380 9541 7352 31283 17829 222 9562 96862 78658
internal_value=-9.38207e-10 0.0025 0.0031546 -0.0278094 0.00486634 0.00570407 -0.0341914 -0.0186701 -0.00746925 0.00775234 -0.0304449 0.0227982 -0.0282479 -0.0221461
internal_weight=2296.54 2111.29 2092.76 185.25 1944.16 1903.2 167.966 148.598 47.9201 39.7878 40.9595 14.7451 108.81 33.175
internal_count=1286073 567888 540945 718185 236142 212414 717010 304803 129044 25181 23728 19103 279622 109941
is_linear=0
shrinkage=0.05


Tree=83
num_leaves=15
num_cat=0
split_feature=2 9 9 5 10 9 9 9 5 9 6 6 9 4
split_gain=60.4908 31.4818 18.2694 18.1376 17.6311 16.8342 16.7065 18.4756 16.3953 13.9036 5.52447 5.94546 5.67143 5.57918
threshold=1.0000000180025095e-35 0.83914845405209448 0.82024390243902456 0.011586397842959775 1.0000000180025095e-35 0.81964459054494021 0.95723369742669007 0.83999327877942653 0.016775875470033032 0.80090909090909101 0.32929277784534233 0.3556394829435548 0.89881723438483607 0.013423423423423427
decision_type=2 2 2 2 2 2 2 2 2 2 2 2 2 2
left_child=3 2 5 -1 6 9 7 -3 -8 -2 13 -12 -13 -5
right_child=1 4 -4 10 -6 -7 8 -9 -10 -11 11 12 -14 -15
leaf_value=-0.04196018522258662 -0.0092356624634024401 0.020415771816076178 -0.045660880582470004 0.00011735291392442961 -0.0376191777853414 0.0095600372192171015 0.0073553040434595407 0.0032116609110836728 0.059328441941643398 -0.044890143577124654 0.017999283851826652 -0.024253311046452723 0.010337539392856554 -0.031604958210138638
leaf_weight=87.945309310347511 208.28860233986211 170.30190329525249 28.847623681919913 19.728790546535492 18.48128921676107 103.53423608155754 35.697331416169618 1453.0056765295699 23.711715776473284 27.393587683711758 20.947913374243399 26.578349131546474 15.359307407667073 41.307703276108896
leaf_count=581231 262689 5987 74256 12501 23790 6970 744 163990 28 119806 4101 12968 956 16056
internal_value=2.42298e-11 0.00262697 -0.0105396 -0.0251261 0.00549817 -0.00693291 0.00608177 0.0050737 0.0310944 -0.0142263 -0.0120152 -0.00130176 -0.011833 -0.0221188
internal_weight=2281.13 2069.26 368.064 211.867 1701.2 339.216 1682.72 1623.31 59.409 235.682 123.922 62.8856 41.9377 61.0365
internal_count=1286073 658260 463721 627813 194539 389465 170749 169977 772 382495 46582 18025 13924 28557
is_linear=0
shrinkage=0.05


Tree=84
num_leaves=15
num_cat=0
split_feature=7 9 9 9 9 4 8 6 9 9 9 4 0 0
split_gain=57.638 31.8209 69.6815 27.1129 61.1967 25.6876 17.1031 16.6975 12.4617 109.303 27.6753 11.0694 14.1964 9.94329
threshold=1.0000000180025095e-35 0.87826463391680798 0.86012345679012359 0.85860931501109905 0.83999327877942653 0.75000000000000011 0.23271335681323799 0.34747880488492794 0.88029508833236281 0.8979068407205465 0.89993270944637238 0.07417582417582419 1.5000000000000002 1.0000000180025095e-35
decision_type=2 2 2 2 2 2 2 2 2 2 2 2 2 2
left_child=5 2 3 4 -2 6 -1 -5 11 -10 -11 12 -3 -8
right_child=1 8 -4 7 -6 -7 13 -9 9 10 -12 -13 -14 -15
leaf_value=-0.043473638304485973 -0.001014552888068031 0.016110024387377478 -0.057299337670569953 0.022903829177725817 -0.054621964175830685 0.026447861300607819 -0.032709912862672351 -0.017139656939223789 -0.059425263556186686 0.020854470414448181 0.0025939172441072789 0.040546333895938244 -0.021461248084634094 0.0105276650654334
leaf_weight=112.57272700358953 552.02880169623131 224.39151154109209 54.676471454435386 142.98232718657437 53.944396688268853 16.484748562241293 16.88291158309903 27.754371769260615 57.483950870932858 313.24315007109271 601.1646488226404 36.900323196430691 23.884989726142521 29.634425217635453
leaf_count=587966 307898 19827 44566 19485 53004 1175 66305 714 33235 21060 63039 260 4800 62739
internal_value=-1.12455e-09 0.00233788 -0.00523233 -0.00122402 -0.0061947 -0.0271038 -0.0332895 0.016092 0.00734549 0.00460236 0.00892872 0.0164538 0.0121432 -0.00681651
internal_weight=2264.03 2088.45 831.386 776.71 605.973 175.575 159.09 170.737 1257.07 971.892 914.408 285.177 248.277 46.5173
internal_count=1286073 567888 425667 381101 360902 718185 717010 20199 142221 117334 84099 24887 24627 129044
is_linear=0
shrinkage=0.05


Tree=85
num_leaves=15
num_cat=0
split_feature=2 12 10 9 5 3 9 9 4 9 9 4 8 7
split_gain=55.562 31.0929 26.845 22.7365 17.8092 17.4277 13.1553 5.5626 5.49118 5.19631 6.46562 4.34919 2.96315 2.56708
threshold=1.0000000180025095e-35 1.0000000180025095e-35 1.0000000180025095e-35 0.81964459054494021 0.020994551425103421 0.88974513662052768 0.80090909090909101 0.79909090909090918 0.11805555555555557 0.80090909090909101 0.8787180979442325 0.75000000000000011 0.37855211085654894 7.5000000000000009
decision_type=2 2 2 2 2 2 2 2 2 2 2 2 2 2
left_child=5 2 3 6 -5 8 -2 -7 13 12 -11 -4 -9 -1
right_child=1 -3 11 4 -6 7 -8 9 -10 10 -12 -13 -14 -15
leaf_value=-0.046571011664799031 -0.0064046126510138614 -0.055292553468989349 -0.046429500658593997 0.0023181577056785884 0.013040306426905108 -0.038347115070808464 -0.043320933526602601 -0.0023158965309202774 0.00048203547122404152 -0.024925349850186303 0.0008159324945003453 0.011545695611901302 0.035356825048777588 0.0021565451092892037
leaf_weight=74.970895518253656 195.82359835270017 18.027180112862425 26.146926324598102 1215.5356730981048 565.35371790486533 11.93162926068362 23.008235274471872 9.317201243044563 7.0869626332278122 41.293056105442929 50.922284908143411 1.6561162779398717 5.4194538496371925 2.3504623964636258
leaf_count=520881 230158 33438 75873 208967 6863 33160 102948 6916 761 42552 9230 13 1171 13142
internal_value=-1.78112e-09 0.00249929 0.00314789 0.00387457 0.00574895 -0.0246045 -0.011167 -0.0114808 -0.0414128 -0.00690475 -0.0113999 -0.0417427 0.0169857 -0.0450487
internal_weight=2248.84 2045.55 2027.52 1999.72 1780.89 203.292 218.832 118.884 84.4083 106.952 92.2153 27.803 14.7367 77.3214
internal_count=1286073 658260 624822 548936 215830 627813 333106 93029 534784 59869 51782 75886 8087 534023
is_linear=0
shrinkage=0.05


Tree=86
num_leaves=15
num_cat=0
split_feature=2 12 9 9 9 6 5 3 4 4 9 4 9 8
split_gain=52.3951 28.542 24.9537 20.1582 71.987 16.7931 16.7781 16.6835 12.9917 7.4204 5.28571 5.28204 4.91847 6.3058
threshold=1.0000000180025095e-35 1.0000000180025095e-35 0.83944694082572735 0.83999327877942653 0.85860931501109905 0.3588502965882277 0.01524769701925738 0.88974513662052768 0.75000000000000011 0.07417582417582419 0.79909090909090918 0.11805555555555557 0.80090909090909101 0.20993866958013926
decision_type=2 2 2 2 2 2 2 2 2 2 2 2 2 2
left_child=7 2 5 9 -5 6 -2 11 -7 -4 -9 -1 -12 -14
right_child=1 -3 3 4 -6 8 -8 10 -10 -11 12 -13 13 -15
leaf_value=-0.044768728057055486 -0.015969120042582288 -0.054129592985535352 0.027711379960536166 -0.05316180096447224 0.0060692661634019068 -0.052027207846018664 0.005741006693483099 -0.037886215185433864 0.014920169832937381 -0.0077616900692584053 0.016397447437344226 0.00021426111948547673 -0.0043728441034966417 -0.036166876116838172
leaf_weight=73.951356692975878 166.94654514144668 17.093111112853876 121.65727527246599 48.193383647217161 1452.2318434818235 28.674158417994931 180.49230966491223 11.546577442272108 6.8215670447680159 14.520846024504861 14.673140255416909 7.0622200070247336 75.929626318030387 15.246254694810657
leaf_count=534023 366835 33438 4136 53385 109309 60712 29876 33160 478 91 8087 761 37771 14011
internal_value=-1.29955e-09 0.00241101 0.00302207 0.00571076 0.00399653 -0.0083945 -0.0047694 -0.0241995 -0.0389076 0.0237879 -0.0113602 -0.0410629 -0.00688817 -0.0112932
internal_weight=2235.04 2036.63 2019.54 1636.6 1500.43 382.935 347.439 198.409 35.4957 136.178 117.396 81.0136 105.849 91.1759
internal_count=1286073 658260 624822 166921 162694 457901 396711 627813 61190 4227 93029 534784 59869 51782
is_linear=0
shrinkage=0.05


Tree=87
num_leaves=15
num_cat=0
split_feature=5 9 12 3 9 9 9 5 9 5 9 0 9 9
split_gain=50.8075 30.6571 18.5192 18.3119 16.8281 15.7151 15.6008 15.1408 12.8061 11.3005 7.97961 6.2791 4.07486 18.973
threshold=0.0056687652291201847 0.81964459054494021 1.0000000180025095e-35 0.97226613828493991 0.95723369742669007 0.80090909090909101 0.76001625817989693 0.023244145630481626 0.91923903940184737 0.016775875470033032 0.91979137321978599 1.0000000180025095e-35 0.87912638030957113 0.88029508833236281
decision_type=2 2 2 2 2 2 2 2 2 2 2 2 2 2
left_child=8 3 4 -2 7 6 -5 -3 12 -6 11 -10 -1 -14
right_child=1 2 -4 5 9 -7 -8 -9 10 -11 -12 -13 13 -15
leaf_value=-0.039672731005321357 -0.041410857559395026 0.0013383556851418168 -0.047973314594524599 -0.029218592946220635 0.0087025212393288132 -0.043677007118967215 0.0050326937922546989 0.012073926831848387 0.044357430831023371 0.054309538943902419 -0.018450274530036833 -0.013299704861227182 0.018468824821783667 -0.037912159226710589
leaf_weight=81.381162175160057 44.191225219246462 1295.4865864418084 11.705345742932876 37.11983874485486 30.67650195802662 21.084941422731845 153.253039414667 435.67357342831383 9.0784378226576354 23.202611019194592 15.027277356680086 4.2991012717500316 19.053481897867073 38.254405251769867
leaf_count=603575 146754 216104 25147 33346 687 54679 89429 5265 1064 63 23762 3823 15275 67100
internal_value=-1.08787e-09 0.00218301 0.0044967 -0.0138524 0.00497381 -0.00726957 -0.00222264 0.00406712 -0.026098 0.0312869 0.00393055 0.0272511 -0.0321709 -0.019189
internal_weight=2219.49 2052.39 1796.74 255.649 1785.04 211.458 190.373 1731.16 167.094 53.8791 28.4048 13.3775 138.689 57.3079
internal_count=1286073 571474 247266 324208 222119 177454 122775 221369 714599 750 28649 4887 685950 82375
is_linear=0
shrinkage=0.05


Tree=88
num_leaves=15
num_cat=0
split_feature=3 7 12 9 9 9 9 9 4 6 6 3 7 2
split_gain=49.5949 47.9778 26.5049 24.4178 127.606 38.9164 21.2397 28.1415 12.3572 11.0207 14.5429 9.40639 7.63945 12.5686
threshold=0.92092175553073463 1.9166666666666667 1.0000000180025095e-35 0.91742625495946184 0.90118055555555554 0.89941970054763509 0.8979068407205465 0.89912338335984521 0.087121212121212141 0.47057891539517499 0.41443715578777768 0.79436269789281233 2.5500000000000003 1.0000000180025095e-35
decision_type=2 2 2 2 2 2 2 2 2 2 2 2 2 2
left_child=1 8 3 4 5 -2 12 -8 -1 10 -5 -9 13 -3
right_child=2 6 -4 9 -6 -7 7 11 -10 -11 -12 -13 -14 -15
leaf_value=-0.049834745987098521 0.00030367115579750265 -0.036818232303677048 -0.053758637631387475 0.011692596539515862 -0.072018504900536795 0.027464735700866317 0.048051179513627383 0.005211704983706821 -0.003188493655192626 -0.019005196236967861 0.042212613811668152 -0.039063792104406254 -0.029096762587748782 0.015008812605185379
leaf_weight=98.283422672663278 1192.4190785546546 12.131587337601557 15.386630148595485 440.82526070879794 53.682448353147265 143.29612875705061 33.209093524258606 36.151331271975209 17.286259977590817 21.52411987062078 39.139560417810571 12.278994371990846 55.732239337420424 31.924493186013933
leaf_count=574082 450998 74110 28087 9011 6800 3070 3693 36717 2583 135 260 1203 79499 15825
internal_value=1.04008e-09 -0.0188292 0.00297517 0.00357739 0.000150827 0.00330908 -0.00251141 0.0158759 -0.0432792 0.0129756 0.014591 -0.00861897 -0.0175943 -0.0015607
internal_weight=2203.27 296.997 1906.27 1890.89 1389.4 1335.72 181.428 81.6394 115.57 501.489 479.965 48.4303 99.7883 44.0561
internal_count=1286073 787712 498361 470274 460868 454068 211047 41613 576665 9406 9271 37920 169434 89935
is_linear=0
shrinkage=0.05


Tree=89
num_leaves=15
num_cat=0
split_feature=7 9 9 9 0 9 8 9 9 9 9 4 4 7
split_gain=46.7478 26.9545 63.3421 22.5938 21.5275 20.0719 16.3025 14.6318 13.4625 96.777 17.2066 11.3618 7.64409 9.95242
threshold=1.0000000180025095e-35 0.87826463391680798 0.86012345679012359 0.83944694082572735 1.0000000180025095e-35 0.83999327877942653 0.23271335681323799 0.82024390243902456 0.88029508833236281 0.8979068407205465 0.89993270944637238 0.75000000000000011 0.004106793496593133 0.45000000000000007
decision_type=2 2 2 2 2 2 2 2 2 2 2 2 2 2
left_child=4 2 3 7 -1 -5 11 -2 12 -10 -11 -6 -3 -14
right_child=1 8 -4 5 6 -7 -8 -9 9 10 -12 -13 13 -15
leaf_value=-0.04497232924642855 -0.0052832573852529081 -0.001794041346133149 -0.056293450405709704 0.022469314125185037 -0.034527478184298875 -0.001605806436381225 0.016902847407984419 -0.032223340402299731 -0.058348984281186955 0.017103248300838418 0.0026840758451659071 0.020783224142146818 -0.029624444460754264 0.021941142867623838
leaf_weight=72.134226800634792 340.53416628411264 47.276679676642061 51.084566531050768 137.59051898099187 43.766622837110503 218.82810130823771 34.944441695817432 54.829758399867501 53.752594701486714 319.6212839116854 576.9838618503336 7.9301901387916578 5.5679227963682925 222.6910682699372
leaf_count=407075 239026 20281 44566 9603 247735 73203 62783 59269 33235 21060 63039 592 371 4235
internal_value=1.63882e-09 0.00206946 -0.00503321 -0.0012011 -0.0256985 0.00787034 -0.00807369 -0.00937512 0.00672273 0.00385825 0.00789056 -0.0249583 0.0163578 0.0200753
internal_weight=2187.54 2028.76 802.867 751.783 158.775 356.419 86.6413 395.364 1225.89 950.358 896.605 51.6968 275.536 228.259
internal_count=1286073 567888 425667 381101 718185 82806 311110 298295 142221 117334 84099 248327 24887 4606
is_linear=0
shrinkage=0.05


Tree=90
num_leaves=15
num_cat=0
split_feature=9 5 3 9 9 9 9 9 9 9 9 4 5 5
split_gain=45.9921 25.1034 23.8876 18.1276 119.219 26.6377 16.1123 33.361 14.5468 15.2398 28.4813 7.27884 6.55715 4.48097
threshold=0.81964459054494021 0.0039702854975892524 0.97226613828493991 0.91742625495946184 0.90118055555555554 0.89832354935376557 0.91994293951976236 0.93697896052090379 0.80090909090909101 0.76001625817989693 0.76149954325065006 0.087121212121212141 0.027263427818526507 0.0033804135460761974
decision_type=2 2 2 2 2 2 2 2 2 2 2 2 2 2
left_child=2 13 -1 4 5 -3 11 -8 9 12 -11 -5 -4 -2
right_child=1 3 8 6 -6 -7 7 -9 -10 10 -12 -13 -14 -15
leaf_value=-0.043858151768934525 -0.015476332166511323 -6.8931362723760243e-05 -0.040193722499747203 0.014969541596784165 -0.06760790098258608 0.016747936909659426 -0.032144556684536266 0.013771502389762255 -0.043980429923154235 0.044645401314767158 -0.0079169461799955734 0.036857980197064148 0.0054613820634352474 -0.045406880976879768
leaf_weight=65.543780885529031 48.331771358172659 930.68562164901402 31.661765370805142 292.65203697805498 55.640164055132345 310.2163192577965 52.10529142458131 123.75410308435528 22.953162959674501 26.649279145868604 133.96879227092404 43.113303000995074 8.6144392567075538 18.045707683909882
leaf_count=418777 159892 292424 54449 11524 17511 15582 10529 9068 89342 3222 143976 160 286 59331
internal_value=-5.17316e-10 0.00287822 -0.018376 0.00401593 0.000856654 0.0041855 0.0119363 -0.0003455 -0.0101195 -0.00527665 0.0018886 0.0182797 -0.0309041 -0.0262242
internal_weight=2163.94 1874.54 289.391 1808.17 1296.54 1240.9 511.625 175.859 223.847 200.894 160.618 335.765 40.2762 66.3775
internal_count=1286073 576021 710052 356798 325517 308006 31281 19597 291275 201933 147198 11684 54735 219223
is_linear=0
shrinkage=0.05


Tree=91
num_leaves=15
num_cat=0
split_feature=2 9 5 4 6 9 5 3 9 9 6 7 4 4
split_gain=44.5935 25.0824 17.4541 28.0039 28.8624 13.7981 13.7151 10.8826 10.0166 10.405 6.62009 12.396 7.51103 4.89472
threshold=1.0000000180025095e-35 0.81964459054494021 0.020994551425103421 0.013606071825249909 0.21775752008454094 0.91923903940184737 0.011586397842959775 0.97226613828493991 0.80090909090909101 0.76001625817989693 0.17251639022429113 2.4500000000000006 0.013072453861927548 0.013423423423423427
decision_type=2 2 2 2 2 2 2 2 2 2 2 2 2 2
left_child=6 7 3 5 -5 -3 -1 -2 9 -9 11 -4 -12 -8
right_child=1 2 10 4 -6 -7 13 8 -10 -11 12 -13 -14 -15
leaf_value=-0.03999111013816907 -0.038025092981398549 0.0013220758003450349 -0.017728127732334512 -0.0011738084613852791 -0.036920673976015374 0.015272355598873048 0.0046984016147977982 -0.026676334909229705 -0.040697973197089982 0.0022501507351804814 0.031405661416406057 0.034275324729056415 0.0074464253335082319 -0.01778860331737998
leaf_weight=70.224336865844634 32.876725561613512 730.18355919569694 10.674674544192383 155.21295249238756 84.067322017842343 229.55468484056018 31.211925358898043 34.861287609444844 16.272053266566672 138.34098262140151 31.227915911473247 59.322172174230218 434.27075215011791 80.912125791756807
leaf_count=581231 146551 208660 83 19701 21789 14707 20836 44192 73864 117888 513 456 9856 25746
internal_value=-3.59588e-09 0.00222565 0.00426166 0.000895074 -0.0142315 0.00472063 -0.0233064 -0.0134013 -0.00826096 -0.00415715 0.0117217 0.0256915 0.0093704 -0.0115956
internal_weight=2139.21 1956.87 1734.51 1199.02 239.28 959.738 182.348 222.351 189.474 173.202 535.496 69.9968 465.499 112.124
internal_count=1286073 658260 275765 264857 41490 223367 627813 382495 235944 162080 10908 539 10369 46582
is_linear=0
shrinkage=0.05


Tree=92
num_leaves=15
num_cat=0
split_feature=3 7 12 9 9 9 9 9 9 9 4 3 4 7
split_gain=42.6442 43.9697 24.1186 20.0258 93.8205 30.8185 18.2974 23.9847 13.2961 21.0058 10.6808 9.78624 9.49544 8.15972
threshold=0.92092175553073463 1.9166666666666667 1.0000000180025095e-35 0.91742625495946184 0.89993270944637238 0.89941970054763509 0.8979068407205465 0.89912338335984521 0.91979137321978599 0.95723369742669007 0.087121212121212141 0.79436269789281233 0.0043573191570153791 2.5500000000000003
decision_type=2 2 2 2 2 2 2 2 2 2 2 2 2 2
left_child=1 10 3 4 5 -2 13 -8 12 -10 -1 -9 -5 -3
right_child=2 6 -4 8 -6 -7 7 11 9 -11 -12 -13 -14 -15
leaf_value=-0.049526626820067574 0.00023070252558567481 -0.0002912231382305209 -0.052363836011663056 0.0042464695018668763 -0.062649869553476359 0.024565161112387851 0.043889177652062801 0.005744739896870724 -0.008171742564957651 0.026919498787803083 -0.0044078235534745196 -0.039672938906951304 0.024621480563642734 -0.028977124959380152
leaf_weight=87.681172656181388 1157.5577098104729 43.133202493983504 14.637671909731123 82.350746829875789 51.850975998129798 141.59966756122594 33.577322484080923 35.601839191266322 142.74013639544864 54.983745748191723 16.485663781973926 12.070691371060091 201.7554018791634 53.620459778214808
leaf_count=574082 450998 89935 28087 1914 7714 2156 3693 36717 5924 240 2583 1203 1328 79499
internal_value=1.17321e-09 -0.0179281 0.00277922 0.00336087 0.000226948 0.00296701 -0.00253296 0.0144827 0.0120555 0.00200982 -0.042915 -0.00842939 0.0188912 -0.0168315
internal_weight=2129.65 282.17 1847.48 1832.84 1351.01 1299.16 178.004 81.2499 481.83 197.724 104.167 47.6725 284.106 96.7537
internal_count=1286073 787712 498361 470274 460868 453154 211047 41613 9406 6164 576665 37920 3242 169434
is_linear=0
shrinkage=0.05


Tree=93
num_leaves=15
num_cat=0
split_feature=5 9 9 6 9 5 5 9 9 9 9 6 6 5
split_gain=42.2797 31.2076 37.9272 25.6986 21.792 21.0813 17.03 12.3031 52.1743 35.7735 15.1148 12.0218 10.7008 15.9137
threshold=0.0056687652291201847 0.8787180979442325 0.86012345679012359 1.0000000180025095e-35 0.87826463391680798 0.023244145630481626 0.017088796251457039 0.87986326488632371 0.8979068407205465 0.88029508833236281 0.89993270944637238 0.26666929573493831 0.25475921286034359 0.017783452274093562
decision_type=2 2 2 2 2 2 2 2 2 2 2 2 2 2
left_child=-1 2 3 6 -4 -5 -2 12 9 -9 -10 -6 -3 -14
right_child=1 7 4 5 11 -7 -8 8 10 -11 -12 -13 13 -15
leaf_value=-0.0248428941610042 0.0027472089680979114 0.029503971503078621 -0.055914969843672974 -0.017411004985614358 0.023991963749915371 0.0041553218413853147 0.030488777971939929 0.0069343812875660854 0.017414755692959107 -0.057109362623438367 0.0035995020899385194 -0.033154712517139383 -0.028018511999205731 0.017488311250249036
leaf_weight=153.44493489997444 218.4185890414675 102.33133387844134 49.497461642091821 284.10682186130919 16.106573178785769 183.69120248345189 69.628685344903715 34.99485976858432 313.6483897739613 48.846426611220181 532.10551001901877 11.322901958263627 21.300269303539153 67.287729359457444
leaf_count=714599 147741 5513 34006 292464 1220 12863 3173 2180 10677 24075 34544 566 1949 503
internal_value=-1.44097e-09 0.00201004 -0.00530272 -0.00178808 -0.0376191 -0.00898812 0.00985887 0.00744433 0.00501255 -0.0314921 0.00879514 -0.00107288 0.0188547 0.00563423
internal_weight=2106.73 1953.29 832.772 755.845 76.9269 467.798 288.047 1120.51 929.595 83.8413 845.754 27.4295 190.919 88.588
internal_count=1286073 571474 492033 456241 35792 305327 150914 79441 71476 26255 45221 1786 7965 2452
is_linear=0
shrinkage=0.05


Tree=94
num_leaves=15
num_cat=0
split_feature=2 9 9 9 9 9 9 6 9 6 5 3 7 4
split_gain=40.8982 24.9006 23.6378 32.425 18.8621 17.7963 85.1418 15.7361 12.8809 12.5936 11.999 11.0824 9.86922 8.01946
threshold=1.0000000180025095e-35 0.87912638030957113 0.86012345679012359 0.87826463391680798 0.81964459054494021 0.88029508833236281 0.8979068407205465 0.22439181597607985 0.89993270944637238 0.36462654029970715 0.011586397842959775 0.97226613828493991 3.4500000000000006 0.004073336651733866
decision_type=2 2 2 2 2 2 2 2 2 2 2 2 2 2
left_child=10 2 4 -4 11 12 -7 -5 -8 -6 -1 -2 13 -3
right_child=1 5 3 7 9 6 8 -9 -10 -11 -12 -13 -14 -15
leaf_value=-0.039203167529688443 -0.038521556140962032 -7.1845421932296923e-05 -0.054978601920110816 0.021405973175660502 0.0074120526561841987 -0.056775777242237341 0.015898579441969218 -0.029070891632710028 0.0031183155581143555 -0.015395738349440533 -0.011851254487471388 -0.008086663801895386 -0.018349130283499038 0.027334075483091348
leaf_weight=64.833347629339642 31.678623328934918 31.784865268926296 46.508259597718734 32.245772887090425 424.52432684645646 49.406306071779909 304.58298380416636 21.374470564742296 551.90002617522896 65.68159638106863 110.17966301496699 188.51147130948584 11.991358842293264 160.77076001408932
leaf_count=581231 146551 3963 38293 2350 141506 25639 10233 1111 34300 13976 46582 235944 1641 2753
internal_value=3.19116e-10 0.00213022 -0.00451687 -0.0266464 -0.00123333 0.00698052 0.00391876 0.000521196 0.00772914 0.0042315 -0.0227912 -0.0132234 0.0201233 0.0229229
internal_weight=2095.97 1920.96 810.525 100.129 710.396 1110.44 905.889 53.6202 856.483 490.206 175.013 220.19 204.547 192.556
internal_count=1286073 658260 579731 41754 537977 78529 70172 3461 44533 155482 627813 382495 8357 6716
is_linear=0
shrinkage=0.05


Tree=95
num_leaves=15
num_cat=0
split_feature=2 9 9 9 9 9 6 0 5 6 3 9 4 8
split_gain=38.5405 24.8872 23.234 32.3133 19.0525 77.5337 18.3068 25.3382 18.132 13.9659 11.6304 11.3101 8.71927 6.84327
threshold=1.0000000180025095e-35 0.87912638030957113 0.86012345679012359 0.87826463391680798 0.88029508833236281 0.8979068407205465 0.36462654029970715 1.5000000000000002 0.016775875470033032 0.22439181597607985 0.88974513662052768 0.89993270944637238 0.0037664917009504898 0.28768303847425386
decision_type=2 2 2 2 2 2 2 2 2 2 2 2 2 2
left_child=10 2 6 -4 12 -6 8 -8 -2 -5 -1 -7 13 -3
right_child=1 4 3 9 5 11 7 -9 -10 -11 -12 -13 -14 -15
leaf_value=-0.038872058200343319 -0.0060533094990423471 -0.020638809328925284 -0.055509412435596373 0.019976897644609085 -0.05590857797911182 0.014916872073004872 -0.037502932574981704 0.019674476675422763 0.010968445796288558 -0.02811691449992092 -0.011604805117881522 0.0029582714153413348 0.024851226568688128 0.021183920137417395
leaf_weight=62.483494556586038 338.82602247121145 18.48904839828629 45.211776400459257 32.224600887690031 46.438277848483267 306.35386365921295 64.460063589516722 23.255015702975925 282.24680336454458 20.392751624438461 108.91041299387416 550.8484219661259 171.93891988044197 11.855910808093538
leaf_count=534784 445353 3878 38293 2350 25639 10233 59643 4362 28619 1111 93029 34300 3284 1195
internal_value=-2.62488e-09 0.00205739 -0.00460469 -0.0268169 0.0069153 0.00375609 -0.00137252 -0.0221005 0.00170805 0.000514883 -0.0223655 0.00729385 0.0205971 -0.00361329
internal_weight=2083.94 1912.54 806.617 97.8291 1105.92 903.641 708.788 87.7151 621.073 52.6174 171.394 857.202 202.284 30.345
internal_count=1286073 658260 579731 41754 78529 70172 537977 64005 473972 3461 627813 44533 8357 5073
is_linear=0
shrinkage=0.05


Tree=96
num_leaves=15
num_cat=0
split_feature=9 3 5 4 5 5 9 9 9 6 8 5 6 3
split_gain=37.5867 23.3752 18.9626 21.8624 20.9838 28.974 13.6557 13.856 29.2084 13.3856 22.0033 28.4611 12.5881 11.8942
threshold=0.81964459054494021 0.97226613828493991 0.010853395234447333 0.003384104443426478 0.0065791959589129641 0.0093420994315789423 0.80090909090909101 0.76001625817989693 0.76149954325065006 0.20907305455034789 0.28768303847425386 0.023244145630481626 0.3208506165858615 0.97226613828493991
decision_type=2 2 2 2 2 2 2 2 2 2 2 2 2 2
left_child=1 -1 3 4 -2 -6 7 -3 -9 13 11 -11 -12 -4
right_child=2 6 9 -5 5 -7 -8 8 -10 10 12 -13 -14 -15
leaf_value=-0.044103704041469474 -0.014752344449168618 -0.029761171842346796 -0.0091978646021363981 -0.015857287230492022 0.019054511841182967 -0.042556077066660668 -0.043128479182060725 0.044538272329913767 -0.0079467891282373627 -0.010545929050492828 0.029182460358949499 0.0099179077972987532 0.00024637019444835828 0.016655087260588286
leaf_weight=57.214523553863501 95.484101056465306 37.932212401260131 47.535616619927168 248.48103497549221 185.43842008483853 16.481414513053664 21.108819797291062 27.775957377050872 133.83449589338761 379.2110785507316 100.68984916752788 299.70816622395887 58.461309807446014 354.74497519579654
leaf_count=418777 240963 54735 12817 202837 30899 6204 89342 3222 143976 49035 6263 6183 6557 14263
internal_value=2.52445e-09 -0.0169378 0.00267477 -0.00505977 0.00407458 0.0131188 -0.00907262 -0.00450379 0.0021397 0.00608543 0.00245546 -0.00150573 0.0188846 0.0135248
internal_weight=2064.1 277.866 1786.24 545.885 297.404 201.92 220.651 199.543 161.61 1240.35 838.07 678.919 159.151 402.281
internal_count=1286073 710052 576021 480903 278066 37103 291275 201933 147198 95118 68038 55218 12820 27080
is_linear=0
shrinkage=0.05


Tree=97
num_leaves=15
num_cat=0
split_feature=2 12 5 6 4 0 6 9 6 7 9 6 4 6
split_gain=36.2233 22.5975 19.9705 24.8163 31.6152 25.1341 18.4384 14.6845 11.4035 10.0375 4.19794 7.12335 5.01444 4.16271
threshold=1.0000000180025095e-35 1.0000000180025095e-35 0.01524769701925738 0.20907305455034789 0.0047732968785600379 1.5000000000000002 0.147006154544743 0.95723369742669007 0.29317468365012278 2.4500000000000006 0.8787180979442325 0.39848639899959798 0.06458333333333334 0.29788943311209826
decision_type=2 2 2 2 2 2 2 2 2 2 2 2 2 2
left_child=8 2 3 5 -5 -2 9 -8 -1 -4 13 12 -12 -10
right_child=1 -3 6 4 -6 -7 7 -9 10 -11 11 -13 -14 -15
leaf_value=-0.032910914866474378 0.0053045965443077507 -0.051034581411436235 -0.00072101626096656541 0.00076854778812208502 -0.034236878894316633 -0.030251808177638097 0.0028823518479176844 0.046371929238654366 0.01840742213008139 0.026883171391428436 0.026426106698807961 -0.029057621218591231 -0.016650453916693828 -0.022351955194992616
leaf_weight=95.12876972651361 600.18244230226219 14.888144092129322 41.328325684342417 135.03061435350776 118.11406202063915 49.17505472824314 762.45146896930055 14.958217398496343 3.555941303054964 152.28268815122919 22.762694482943065 6.312922073471781 5.1690598876812137 34.332339285993044
leaf_count=537365 300014 33438 1185 108160 108838 40914 61876 23 4301 3812 6486 1932 107 77622
internal_value=-2.92193e-09 0.00199712 0.00255326 -0.00279456 -0.0159113 0.00240137 0.00751257 0.00401013 -0.0219513 0.021121 -0.00630143 0.00600372 0.0171367 -0.0168266
internal_weight=2055.67 1888.41 1873.52 902.502 253.145 649.357 971.021 777.41 167.262 193.611 72.133 34.2447 27.9318 37.8883
internal_count=1286073 658260 624822 557926 216998 340928 66896 61899 627813 4997 90448 8525 6593 81923
is_linear=0
shrinkage=0.05


Tree=98
num_leaves=15
num_cat=0
split_feature=5 9 9 9 9 9 9 9 9 6 5 5 9 9
split_gain=35.0849 25.2744 32.7165 20.5113 33.9421 16.3844 12.9502 38.2452 27.6721 13.6582 13.4975 11.5412 11.0379 10.2283
threshold=0.0057803492016298913 0.8787180979442325 0.86012345679012359 0.85906503250714794 0.83999327877942653 0.87826463391680798 0.87986326488632371 0.8979068407205465 0.88029508833236281 0.25475921286034359 0.010318590919936987 0.017783452274093562 0.85990022851699732 0.89993270944637238
decision_type=2 2 2 2 2 2 2 2 2 2 2 2 2 2
left_child=-1 2 3 4 -2 -4 9 8 -8 10 -3 -11 -5 -9
right_child=1 6 5 12 -6 -7 7 13 -10 11 -12 -13 -14 -15
leaf_value=-0.02297496855278865 -0.0010376817261590204 -0.00021423224374673218 -0.054383897008755899 0.021754765725864648 -0.035605769959097935 -0.00245705778109611 0.004490221304758118 0.014448188587207781 -0.054397430709289665 -0.026548581549481032 0.040040275018320082 0.013226517951840848 -0.013614142004145813 0.0029978578460271945
leaf_weight=148.7415507946921 521.57561840720928 27.683534475917781 42.162090064309723 113.01372818966411 77.263972560084994 23.13337230189677 34.194014972856166 311.35614964496654 40.620308782020174 19.511088930044366 78.395405926294188 66.748478841655015 23.527226493649778 517.7518960044813
leaf_count=728926 388354 3590 33193 5875 48328 1723 2028 10351 23534 1934 1727 503 2365 33642
internal_value=-5.49608e-10 0.00185716 -0.00487849 -0.00175113 -0.00575565 -0.0374702 0.0067765 0.00421628 -0.0288875 0.0183969 0.0299982 0.00326813 0.0153947 0.00735865
internal_weight=2045.68 1896.94 800.676 735.381 598.84 65.2955 1096.26 903.922 74.8143 192.339 106.079 86.2596 136.541 829.108
internal_count=1286073 557147 479838 444922 436682 34916 77309 69555 25562 7754 5317 2437 8240 43993
is_linear=0
shrinkage=0.05


Tree=99
num_leaves=15
num_cat=0
split_feature=9 5 4 9 9 9 9 5 6 5 0 6 5 9
split_gain=37.4012 24.4988 28.2131 16.3945 97.8201 17.1786 23.0997 16.3815 24.8534 11.2603 11.978 11.8804 10.6225 9.43874
threshold=0.83914845405209448 0.011194124458841695 0.0088890644753476626 0.91742625495946184 0.90118055555555554 0.91979137321978599 0.95723369742669007 0.020994551425103421 0.29788943311209826 0.018947083501492629 1.0000000180025095e-35 1.0000000180025095e-35 0.023244145630481626 0.89832354935376557
decision_type=2 2 2 2 2 2 2 2 2 2 2 2 2 2
left_child=1 -1 -3 4 7 -5 12 8 -2 11 -11 -4 -7 -9
right_child=3 2 9 5 -6 6 -8 13 -10 10 -12 -13 -14 -15
leaf_value=-0.033578216943324225 0.0034141092371472812 0.020980078478401738 -0.0067402855372999202 0.018900676003922562 -0.063443841992165476 -0.017285641326423538 0.027354272215516846 0.007135596924642492 -0.020720404449308751 -0.026831838009908217 0.0034221093232115352 -0.044182257933101252 0.011631358992497894 0.025702128540563269
leaf_weight=105.59430936649846 606.05725953928538 69.770181323315001 39.80587138896135 283.16430093806207 52.510263618007684 114.81836574878912 51.823558858617389 258.1944326525545 124.23923946328216 41.412961701471431 107.76947806942781 46.063684454290524 39.24642713022331 91.503569856999093
leaf_count=723726 289963 29768 15010 15581 29200 34489 3111 7739 39672 12566 19638 64618 455 537
internal_value=1.51259e-09 -0.01339 -0.0059675 0.00341975 0.000103781 0.0110198 -1.00722e-05 0.00347165 -0.000804673 -0.0142367 -0.00557415 -0.0281515 -0.00978527 0.0122876
internal_weight=2031.97 410.416 304.822 1621.56 1132.5 489.053 205.888 1079.99 730.296 235.052 149.182 85.8696 154.065 349.698
internal_count=1286073 865326 141600 420747 367111 53636 38055 337911 329635 111832 32204 79628 34944 8276
is_linear=0
shrinkage=0.05


Tree=100
num_leaves=15
num_cat=0
split_feature=9 9 9 5 5 6 5 4 9 5 0 4 3 8
split_gain=34.457 21.8033 22.7894 18.6923 16.8331 17.4845 23.0228 22.2939 12.2124 11.3284 21.0068 10.5075 6.90163 5.3475
threshold=0.83914845405209448 0.82024390243902456 0.81964459054494021 0.011459932275409179 0.0069711483581712122 0.20907305455034789 0.024317746240414963 0.013606071825249909 0.80090909090909101 0.013450445032757202 1.0000000180025095e-35 0.41666666666666669 0.97226613828493991 0.19915245765058259
decision_type=2 2 2 2 2 2 2 2 2 2 2 2 2 2
left_child=1 2 3 -1 13 9 7 -7 -5 10 -6 -8 -11 -2
right_child=4 -3 -4 8 5 6 11 -9 -10 12 -12 -13 -14 -15
leaf_value=-0.039442727570158591 -0.017802735710199958 -0.047381145889146076 0.011448781751447923 -0.0043775042130761192 0.016950462871210211 0.001909348762592763 0.015447398546481817 -0.019120337480993746 -0.042544621382034298 -0.0013326613953623583 -0.0068997060868572968 -0.013161308280184997 0.022356136271198406 -0.00017727030871721229
leaf_weight=61.749947605998159 107.4125890764966 36.6229676655405 96.967209911626242 190.41615373431227 186.66433215786037 343.02787064890936 243.0765538188125 193.4904171785638 18.796974413230828 34.84664693470495 174.10872743823325 32.982541553417832 225.74198307095139 69.890730709510194
leaf_count=597618 197672 140690 14584 77950 17689 47652 3912 21785 34484 4242 37021 635 4952 85187
internal_value=-2.04023e-10 -0.0129541 -0.00893805 -0.016309 0.00328256 0.00508704 0.000246509 -0.00578133 -0.00871967 0.0113647 0.00550342 0.011856 0.019223 -0.0110504
internal_weight=2015.8 404.553 367.93 270.963 1611.24 1433.94 812.577 536.518 209.213 621.362 360.773 276.059 260.589 177.303
internal_count=1286073 865326 724636 710052 420747 137888 73984 69437 112434 63904 54710 4547 9194 282859
is_linear=0
shrinkage=0.05


Tree=101
num_leaves=15
num_cat=0
split_feature=2 12 10 1 9 6 6 9 8 4 9 3 7 7
split_gain=33.7614 21.6696 19.217 18.435 17.1993 9.92504 4.3475 6.60179 5.60865 5.58576 4.99599 3.54482 3.78235 2.90635
threshold=1.0000000180025095e-35 1.0000000180025095e-35 1.0000000180025095e-35 1.0000000180025095e-35 0.87912638030957113 0.32929277784534233 0.39848639899959798 0.8787180979442325 0.19610309299088099 0.069047619047619066 0.80090909090909101 0.78732177757729527 5.2500000000000009 4.2916666666666679
decision_type=2 2 2 2 2 2 2 2 2 2 2 2 2 2
left_child=5 2 3 4 -2 11 7 8 -7 -9 -8 -1 -13 -5
right_child=1 -3 -4 13 -6 6 10 9 -10 -11 -12 12 -14 -15
leaf_value=-0.042713143912801399 -0.0021444552786065714 -0.050508055431914278 -0.040279442180921388 -0.047077268214346026 0.0077784527627243263 -0.03777407015606709 0.0055321088264010413 0.029420556218999555 0.011857867380938938 -0.024372134137721255 -0.038170648343803584 -0.023498190703229768 0.01612223677454375 0.0070446520309059143
leaf_weight=39.488340781300963 745.31037113489947 14.499554192602771 20.918654493548274 15.973646802941404 1043.6135959380126 7.6386112399932227 9.3581135419789252 20.459795918544391 7.0228003523902771 1.9776698836285493 10.569946578663119 60.439912683739067 3.1784774482030107 1.4626880436189811
leaf_count=472598 477448 33438 75886 21609 49386 26763 9698 3830 11649 61 8665 93563 986 493
internal_value=2.19035e-09 0.00193681 0.00248965 0.00309476 0.00364987 -0.0216603 -0.00436505 0.00579905 -0.0170307 0.0211018 -0.0206548 -0.0305818 -0.0204882 -0.041979
internal_weight=2001.91 1841.78 1827.28 1806.36 1788.92 160.134 57.0269 37.0989 14.6614 22.4375 19.9281 103.107 63.6184 17.4363
internal_count=1286073 658260 624822 548936 526834 627813 60666 42303 38412 3891 18363 567147 94549 22102
is_linear=0
shrinkage=0.05


Tree=102
num_leaves=15
num_cat=0
split_feature=7 12 9 0 5 9 8 4 5 8 5 6 9 6
split_gain=32.3434 20.4595 19.0442 17.6486 16.8707 14.155 12.7913 7.53758 5.24668 4.99933 3.01944 2.57699 2.42277 2.03975
threshold=1.0000000180025095e-35 1.0000000180025095e-35 0.76001625817989693 1.0000000180025095e-35 0.0039702854975892524 0.76075375501719289 0.23271335681323799 0.75000000000000011 0.027263427818526507 0.24731690242023249 0.02041521262421514 0.29860881668514794 0.87993261207894435 0.44316484644990822
decision_type=2 2 2 2 2 2 2 2 2 2 2 2 2 2
left_child=3 2 8 -1 12 -6 7 13 -2 -8 -11 -10 -4 -5
right_child=1 -3 4 6 5 -7 9 -9 11 10 -12 -13 -14 -15
leaf_value=-0.043648078878360183 -0.038965842254615086 -0.050040239187702132 -0.036465612598700264 -0.033827486150808682 0.039973728886218626 0.003247099771294823 0.034873372284410481 0.016641699425534479 0.017153357819978659 -0.012640683453790458 0.021578669282461344 -0.021115430078894312 -0.01018893006762802 0.0077451736205071189
leaf_weight=55.659887825268015 30.134419332863899 13.907676406251538 22.404899053982376 36.061853939584012 21.690239969477716 1743.8165967836114 12.797633995957769 6.69963076778913 6.3196332391817105 14.466824351883703 4.6575069893488026 2.2563443775870837 20.750010897743437 1.3877587814388324
leaf_count=407075 48455 26943 120434 245032 1571 327194 9567 592 67 52900 316 155 43069 2703
internal_value=2.88668e-09 0.00171976 0.00224345 -0.0234734 0.0030236 0.00380992 -0.00693042 -0.0232932 -0.0303839 0.0157897 -0.00156182 0.00301628 -0.0262009 -0.0315561
internal_weight=1993.01 1861.28 1847.37 131.731 1808.66 1765.51 76.0712 44.1492 38.7104 31.922 19.1243 8.57598 43.1549 37.4496
internal_count=1286073 567888 540945 718185 492268 328765 311110 248327 48677 62783 53216 222 163503 247735
is_linear=0
shrinkage=0.05


Tree=103
num_leaves=15
num_cat=0
split_feature=9 9 9 3 9 9 5 6 9 6 9 6 9 9
split_gain=31.4407 20.0929 19.3034 16.8228 14.6845 74.4616 14.0333 14.5896 11.5097 9.87309 4.59692 6.6316 5.19226 4.42047
threshold=0.83914845405209448 0.82024390243902456 0.81964459054494021 0.97226613828493991 0.83999327877942653 0.85860931501109905 0.010853395234447333 0.28733927638876983 0.80090909090909101 0.21337221540222626 0.8199828281039524 0.24726831411857969 0.81985595965002911 0.83969696965349094
decision_type=2 2 2 2 2 2 2 2 2 2 2 2 2 2
left_child=1 2 3 -1 13 -6 7 -7 -5 -8 12 -12 -4 -2
right_child=4 -3 10 8 5 6 9 -9 -10 -11 11 -13 -14 -15
leaf_value=-0.04112456306279471 0.0081881398416202619 -0.046774086167016678 0.0028862888229067903 -0.0050620909803044505 -0.05299870856811402 -0.00052109995552918694 0.014212445649633771 -0.030802261904602092 -0.04199235687349312 0.0035107879871673943 -0.038338360286840914 0.012648816474746151 0.028061831589483173 0.025551154569599839
leaf_weight=47.780822207632923 77.654447315822495 34.059759988498286 44.736936277846326 194.77215770892144 55.048183715375899 386.29637356671242 326.88763876337453 39.367572749423971 18.971149587500577 628.51156267438523 6.5169168414927325 10.339244409291721 34.901332738072597 78.552411663239695
leaf_count=418777 8076 140690 3950 201933 107889 229753 15987 19223 89342 32157 4416 2339 3879 7662
internal_value=2.38701e-09 -0.0125912 -0.00873981 -0.0157151 0.00313006 0.00151831 0.00387467 -0.00364676 -0.00922483 0.00722727 0.0100079 -0.0113248 0.0149254 0.0174412
internal_weight=1984.4 392.078 358.019 261.524 1592.32 1436.11 1381.06 425.664 213.743 955.399 96.4944 16.8562 79.6383 156.207
internal_count=1286073 865326 724636 710052 420747 405009 297120 248976 291275 48144 14584 6755 7829 15738
is_linear=0
shrinkage=0.05


Tree=104
num_leaves=15
num_cat=0
split_feature=2 12 10 9 9 9 6 0 9 9 9 9 4 10
split_gain=30.7145 18.7684 17.3679 15.8679 20.6548 14.3705 9.30623 3.32174 3.18672 2.94837 4.99813 2.37853 2.3696 1.86762
threshold=1.0000000180025095e-35 1.0000000180025095e-35 1.0000000180025095e-35 0.87912638030957113 0.85990022851699732 0.87986326488632371 0.29317468365012278 1.5000000000000002 0.79909090909090918 0.89986063890787027 0.89881723438483607 0.91955114257907289 0.75000000000000011 1.5000000000000002
decision_type=2 2 2 2 2 2 2 2 2 2 2 2 2 2
left_child=6 2 3 4 -2 -5 7 -1 -8 10 -10 -9 -4 -11
right_child=1 -3 12 5 -6 -7 8 11 9 13 -12 -13 -14 -15
leaf_value=-0.035623432198673526 0.00085509422958198595 -0.048783351978956502 -0.043275267616904194 0.02041502893983577 -0.022243854994229206 0.00430568413501269 -0.030688554596715753 -0.015367972308404369 -0.0055520622477312253 -0.033611379020149761 0.02642164467048775 0.019709848267477698 0.0076591685642108283 0.0090567493806052776
leaf_weight=72.574148115751655 629.91263292571944 13.137464563011461 18.38132622150761 160.27569706037684 109.27632417959626 883.05255041098553 6.471451339217821 11.521743313163027 43.607901053805733 5.0106990174076591 11.387936155527312 2.0754290039719754 1.0216822249640234 1.0810815269460361
leaf_count=470911 461171 33438 75873 4328 35097 48340 38439 62852 47358 4115 470 3602 13 66
internal_value=7.65088e-10 0.00183963 0.00234268 0.00290836 -0.00268619 0.00686596 -0.0210938 -0.0315659 -0.00648187 -0.00178969 0.00271889 -0.00615416 -0.0395735 -0.02537
internal_weight=1968.79 1815.06 1801.92 1782.52 739.189 1043.33 153.73 86.1713 67.5591 61.0876 54.9958 13.5972 19.403 6.09178
internal_count=1286073 658260 624822 548936 496268 52668 627813 537365 90448 52009 47828 66454 75886 4181
is_linear=0
shrinkage=0.05


Tree=105
num_leaves=15
num_cat=0
split_feature=9 9 9 5 5 6 5 4 4 8 4 4 5 4
split_gain=29.1636 18.8599 18.4059 16.0074 14.9164 15.4678 19.7612 28.6922 11.2066 10.9238 9.50299 8.48215 8.348 4.46143
threshold=0.83914845405209448 0.82024390243902456 0.81964459054494021 0.011459932275409179 0.0069711483581712122 0.21337221540222626 0.023244145630481626 0.013606071825249909 0.0093898783283371551 0.25166011919377512 0.060661764705882359 0.026671408250355622 0.013809632462659541 0.0058309533523731817
decision_type=2 2 2 2 2 2 2 2 2 2 2 2 2 2
left_child=1 2 3 -1 13 9 7 -7 -5 12 -11 -8 -6 -2
right_child=4 -3 -4 8 5 6 11 -9 -10 10 -12 -13 -14 -15
leaf_value=-0.038204178606600581 -0.0076843531872079207 -0.04627180155643057 0.0098913283363478554 0.013146953729854902 0.0075936095513784068 0.0020822380339040117 0.029498101804661361 -0.023947986429285004 -0.014518695068395149 -0.014716605291570048 0.026778830630874908 0.006252118474481508 0.020260381678525324 -0.034070029401819128
leaf_weight=55.036982922072866 157.7990802431292 32.182853578342133 94.879289456620086 42.929286411018666 316.01282978986615 328.15039971603278 42.195884942422708 150.79100474896131 158.40080790274715 64.154667973499045 12.431566094470325 263.14421713396678 228.97481471324863 13.759248022616587
leaf_count=597618 248299 140690 14584 23764 46052 46835 674 20350 88670 11273 325 4969 7410 34560
internal_value=-1.2255e-09 -0.0122763 -0.00855578 -0.0154415 0.00301342 0.00471956 3.98793e-05 -0.00627593 -0.00844396 0.0105768 -0.00675267 0.00988805 0.0130513 -0.0107054
internal_weight=1960.84 383.429 351.246 256.367 1577.41 1405.86 784.282 478.941 201.33 621.574 76.5862 305.34 544.988 171.558
internal_count=1286073 865326 724636 710052 420747 137888 72828 67185 112434 65060 11598 5643 53462 282859
is_linear=0
shrinkage=0.05


Tree=106
num_leaves=15
num_cat=0
split_feature=2 9 9 9 5 9 9 9 7 6 9 5 3 7
split_gain=28.8835 17.9233 78.2719 24.1709 15.5655 9.82314 21.061 10.8995 9.3468 8.71831 8.3038 8.30261 6.01166 5.44394
threshold=1.0000000180025095e-35 0.91742625495946184 0.90118055555555554 0.89941970054763509 0.01524769701925738 0.91979137321978599 0.95723369742669007 0.94310769402195105 2.183333333333334 0.32929277784534233 0.89993270944637238 0.016775875470033032 0.97226613828493991 0.29166666666666669
decision_type=2 2 2 2 2 2 2 2 2 2 2 2 2 2
left_child=9 2 3 4 -2 8 7 -7 13 -1 -5 -8 -10 -3
right_child=1 5 -4 10 -6 6 11 -9 12 -11 -12 -13 -14 -15
leaf_value=-0.029560875601054644 -0.0075150253132749874 0.026420649235105721 -0.062611878219461639 0.023975022168442044 0.0041042643838991068 -0.0040256587888660043 0.0090194292219138907 -0.051071586295517682 -0.010406847361451997 -0.0042130570710832175 -0.01644836745681142 0.050538945336864642 0.027221868646847249 0.0011014971447711058
leaf_weight=94.878289976987162 527.01656637165911 21.470731997862458 44.922039685258824 129.10517236451597 624.28157882850428 131.73555780420065 30.311531860887044 8.7248380801229342 8.9404702751598943 54.220360910965383 10.559536886044951 18.533515780582093 136.31113133280451 109.69085387548876
leaf_count=567147 545349 1273 12692 3726 74885 12062 841 1056 1004 60666 1659 32 1461 2220
internal_value=-2.23277e-09 0.00177238 -0.0011797 0.00119129 -0.00122406 0.0101628 0.00131982 -0.00860303 0.016088 -0.0207788 0.0204559 0.0280035 0.0246365 0.00606416
internal_weight=1950.7 1801.6 1335.88 1290.96 1151.3 465.719 189.305 140.46 276.413 149.099 139.665 48.845 145.252 131.162
internal_count=1286073 658260 638311 625619 620234 19949 13991 13118 5958 627813 5385 873 2465 3493
is_linear=0
shrinkage=0.05


Tree=107
num_leaves=15
num_cat=0
split_feature=9 9 9 5 5 6 5 4 4 5 4 4 4 8
split_gain=27.9432 17.7601 16.1491 15.0379 13.7142 16.9014 18.5772 24.5503 11.2906 9.02883 19.6602 9.63697 8.94079 4.02539
threshold=0.83914845405209448 0.82024390243902456 0.81964459054494021 0.011459932275409179 0.0069711483581712122 0.21337221540222626 0.023244145630481626 0.013606071825249909 0.0088890644753476626 0.013988074073321552 0.0033389074693422525 0.011834733893557424 0.41666666666666669 0.30844956116566674
decision_type=2 2 2 2 2 2 2 2 2 2 2 2 2 2
left_child=1 2 3 -1 -2 9 7 -7 -5 10 -6 -11 -8 -4
right_child=4 -3 13 8 5 6 12 -9 -10 11 -12 -13 -14 -15
leaf_value=-0.037679726319897529 -0.010261176120436755 -0.045878965588993244 0.0030603992627848652 0.014801075611095281 0.019257299667959218 0.0012499699180831931 0.012431315631354523 -0.023045661655832189 -0.014051944386601518 0.033461955561612348 -0.0039468048054293889 0.011374941751233139 -0.013090825331089122 0.027203637507578184
leaf_weight=52.525814569193301 169.70073110539647 30.581440077603872 77.161969027539953 38.161191584340258 150.57264897820733 326.42088593005587 266.69113551473492 147.25761661194792 162.3836326373455 68.91664220628536 217.63727127022298 178.23536642430372 35.132638839259016 17.865714324090504
leaf_count=597618 282859 140690 12399 22279 18612 46835 4976 20350 90155 2306 38120 6022 667 2185
internal_value=9.32621e-10 -0.0120928 -0.00851692 -0.0150377 0.00296363 0.00460818 -0.000310701 -0.00646491 -0.00833508 0.0107597 0.00567296 0.0180752 0.00929559 0.00873237
internal_weight=1939.24 378.68 348.098 253.071 1560.56 1390.86 775.502 473.679 200.545 615.362 368.21 247.152 301.824 95.0277
internal_count=1286073 865326 724636 710052 420747 137888 72828 67185 112434 65060 56732 8328 5643 14584
is_linear=0
shrinkage=0.05


Tree=108
num_leaves=15
num_cat=0
split_feature=2 12 9 9 9 6 3 6 4 6 9 8 4 9
split_gain=28.3017 17.8263 16.8768 68.7951 21.6925 8.27067 8.17081 7.57594 6.32237 4.44438 5.74963 5.0407 4.66829 4.4459
threshold=1.0000000180025095e-35 1.0000000180025095e-35 0.91742625495946184 0.90118055555555554 0.89941970054763509 0.32929277784534233 0.97226613828493991 0.47057891539517499 0.018693221523410204 0.39848639899959798 0.8787180979442325 0.19610309299088099 0.069047619047619066 0.80090909090909101
decision_type=2 2 2 2 2 2 2 2 2 2 2 2 2 2
left_child=5 2 3 4 -2 -1 8 -8 -4 10 11 -7 -12 -11
right_child=1 -3 6 -5 -6 9 7 -9 -10 13 12 -13 -14 -15
leaf_value=-0.029375688119170934 -0.00079351859691665326 -0.048109532753393865 -0.032938830453725872 -0.060678609194214722 0.019860250353301859 -0.036276604296644338 0.013510413558801336 -0.018609223223844645 0.0084704783345068164 0.0043895221865458854 0.028514625421177615 0.011662184423350049 -0.021973720384629684 -0.037874042961159607
leaf_weight=93.164547830698439 1129.6294649886927 12.750556034488225 14.082253178131397 41.055185436157444 138.20705233894023 6.8931046158817235 415.7709129092791 14.976167335757053 14.696566762006112 9.0105872903563995 19.172702079094055 6.7523484080724074 1.774899986146919 10.061911865722548
leaf_count=567147 597102 33438 5259 10334 4284 26763 7360 85 398 9698 3830 11649 61 8665
internal_value=-7.0247e-10 0.00176164 0.00225584 -0.000647532 0.00152712 -0.0207244 0.0104436 0.012193 -0.0136686 -0.0044819 0.00621378 -0.0157885 0.0208268 -0.0211426
internal_weight=1928 1781.17 1768.42 1308.89 1267.84 146.83 459.526 430.747 28.7788 53.6656 34.5931 13.6455 20.9476 19.0725
internal_count=1286073 658260 624822 611720 601386 627813 13102 7445 5657 60666 42303 38412 3891 18363
is_linear=0
shrinkage=0.05


Tree=109
num_leaves=15
num_cat=0
split_feature=9 9 9 9 9 9 6 9 9 9 9 9 9 6
split_gain=26.2283 45.1752 22.4488 48.5406 37.0361 10.9815 17.8236 10.2211 18.7853 30.038 14.3968 11.0855 34.9105 8.37573
threshold=0.87826463391680798 0.86012345679012359 0.85860931501109905 0.83999327877942653 0.83944694082572735 0.85990022851699732 0.34747880488492794 0.95723369742669007 0.92210844357341182 0.93697896052090379 0.94310769402195105 0.91849812206517611 0.89993270944637238 0.45546945761189961
decision_type=2 2 2 2 2 2 2 2 2 2 2 2 2 2
left_child=1 2 3 4 -1 6 -4 8 11 -10 -11 12 -2 -7
right_child=7 -3 5 -5 -6 13 -8 -9 9 10 -12 -13 -14 -15
leaf_value=-0.011094824670501977 0.007322864372639658 -0.05312963991942992 0.025261833834443539 -0.052374145119481033 0.019493541700039217 -0.029479770346221235 -0.022958686280975464 0.02617372606796934 -0.059796873245390215 0.011437589297907343 -0.046075411200210394 0.014224863485662213 -0.022071392345682658 0.028825476766254729
leaf_weight=401.20467502116531 605.2042617804957 44.786978686243174 116.31386146330277 51.785773013843936 125.95604698410574 19.608705767379949 18.713157307274969 48.713535835012863 24.148352458024647 56.135420308333494 8.240587459632307 274.51862551893942 116.10036701806962 3.8369869682937852
leaf_count=869405 109353 74498 18853 107889 11659 6768 986 3111 13855 10583 3489 18638 36971 15
internal_value=-5.40131e-10 -0.00701695 -0.00387735 -0.00843926 -0.00367177 0.012537 0.0179979 0.00485368 0.00378015 -0.0176831 0.00128541 0.00576696 0.00247223 -0.0165483
internal_weight=1915.27 782.206 737.419 578.946 527.161 158.473 135.027 1133.06 1084.35 88.5244 64.376 995.823 721.305 23.4457
internal_count=1286073 1090073 1015575 988953 881064 26622 19839 196000 192889 27927 14072 164962 146324 6783
is_linear=0
shrinkage=0.05


Tree=110
num_leaves=15
num_cat=0
split_feature=7 12 8 9 9 9 9 9 8 5 4 5 5 0
split_gain=26.6945 17.1347 16.2417 15.6217 42.142 13.8404 9.53387 14.6005 7.70594 6.7488 6.02973 4.14962 4.65692 2.82868
threshold=1.0000000180025095e-35 1.0000000180025095e-35 0.23271335681323799 0.87826463391680798 0.86012345679012359 0.85906503250714794 0.95723369742669007 0.92210844357341182 0.24731690242023249 0.016775875470033032 0.75000000000000011 0.02041521262421514 0.0032812023157147508 1.5000000000000002
decision_type=2 2 2 2 2 2 2 2 2 2 2 2 2 2
left_child=2 3 10 4 5 -2 7 -5 -4 -8 -1 12 -10 -12
right_child=1 -3 8 6 -6 -7 9 -9 11 -11 13 -13 -14 -15
leaf_value=-0.039348949184549946 -0.0042010821689616633 -0.047869463730648085 0.028137527013785735 0.0064712004124475603 -0.052346393210777324 0.013939061300637146 0.0089842065513506212 -0.015427730212007558 0.0090830860409553578 0.047212558991777537 -0.019457520209507133 0.017944519258844969 -0.033838128946189823 0.021198716008244394
leaf_weight=70.788397995498315 535.33959278719931 12.372935219959798 13.918025017161538 944.07802780209533 36.976625331472405 125.56605771789987 29.216675986954442 78.024308091357966 6.7019621382525036 18.047442808536289 2.7139298614747522 4.8459218405946549 14.772653258269711 4.8469727027986664
leaf_count=587966 355447 26943 19108 107813 41759 16212 2268 17384 31283 62 949 742 77979 158
internal_value=-1.21621e-09 0.00155626 -0.0224726 0.00203638 -0.00376645 -0.000675836 0.00582328 0.00473253 0.00323191 0.0267017 -0.0350758 -0.0123274 -0.0212573 0.00466919
internal_weight=1898.21 1779.62 118.588 1767.25 697.882 660.906 1069.37 1022.1 40.2386 47.2641 78.3493 26.3205 21.4746 7.5609
internal_count=1286073 567888 718185 540945 413418 371659 127527 125197 129112 2330 589073 110004 109262 1107
is_linear=0
shrinkage=0.05


Tree=111
num_leaves=15
num_cat=0
split_feature=7 9 9 8 9 9 9 9 9 9 0 4 5 5
split_gain=25.6445 16.8737 37.5013 16.6369 13.8826 17.4233 10.0655 13.0114 22.7659 7.90593 7.76821 6.29879 5.1582 10.4717
threshold=1.0000000180025095e-35 0.87826463391680798 0.86012345679012359 0.23271335681323799 0.76001625817989693 0.76075375501719289 0.95723369742669007 0.92210844357341182 0.93697896052090379 0.91742625495946184 1.0000000180025095e-35 0.75000000000000011 0.016775875470033032 0.0070857245786227511
decision_type=2 2 2 2 2 2 2 2 2 2 2 2 2 2
left_child=3 2 4 -1 11 -6 7 9 -9 -3 -5 -2 13 -8
right_child=1 6 -4 10 5 -7 12 8 -10 -11 -12 -13 -14 -15
leaf_value=-0.03516607103858467 -0.036211482087581966 0.0026469999173856073 -0.051406012984188759 -0.026636766182335 0.040132682710372562 -0.0015154584805994529 0.037215808205372763 -0.055539971928635294 0.0020177657726157304 0.012263209796415306 0.016541803041680837 0.017453993750711431 0.045558520402855414 -0.015177197952388203
leaf_weight=76.619104837672865 32.91128329019034 622.63539765910753 35.178838808293449 9.9788879145544893 21.183968023619173 608.38542481582385 13.393286412394447 19.186868039337355 58.16704522487953 323.56450088232987 29.59525663841282 3.342755474484874 17.439781838445924 15.640006538030319
leaf_count=589073 48718 100411 44566 66329 2554 329661 2078 9643 10638 18770 62783 168 83 598
internal_value=-1.89413e-09 0.00151852 -0.00449201 -0.0222533 -0.00164863 0.00019111 0.00545876 0.0043505 -0.0147641 0.00598256 0.00388743 -0.0297476 0.0270741 0.0109088
internal_weight=1887.22 1771.03 701.002 116.193 665.823 629.569 1070.03 1023.55 77.3539 946.2 39.5741 36.254 46.4731 29.0333
internal_count=1286073 567888 425667 718185 381101 332215 142221 139462 20281 119181 129112 48886 2759 2676
is_linear=0
shrinkage=0.05


Tree=112
num_leaves=15
num_cat=0
split_feature=9 5 5 12 1 10 9 9 9 8 5 5 9 9
split_gain=24.4852 14.2571 13.7338 12.6359 11.0684 10.1789 10.067 12.4978 24.2878 10.57 2.98848 12.5653 2.10483 1.90082
threshold=0.81964459054494021 0.0039702854975892524 0.011459932275409179 1.0000000180025095e-35 1.0000000180025095e-35 1.0000000180025095e-35 0.80090909090909101 0.79909090909090918 0.78079527892076073 0.18421883934917802 0.0033804135460761974 0.0032657755454108045 0.87912638030957113 0.93697896052090379
decision_type=2 2 2 2 2 2 2 2 2 2 2 2 2 2
left_child=2 10 -1 4 5 -3 7 8 -4 -9 11 13 -13 -2
right_child=1 3 6 -5 -6 -7 -8 9 -10 -11 -12 12 -14 -15
leaf_value=-0.036935475986316843 -0.030251410626029481 0.0043948901749910046 -0.00097717259031789472 -0.043574380273323554 -0.03742551825000575 -0.031763769205024349 -0.040828894500094914 -0.0084755206997158862 -0.052093126095249076 0.031930613098243035 -0.039522949744311801 -0.0091871384292128242 0.037326295292007705 0.0054019174611144019
leaf_weight=49.094243558974085 27.719253334333818 1543.5699522517152 99.374106904916971 9.3867184769610486 11.368270506585985 14.77215045992534 16.209882924689055 26.227704467364674 25.411751641532646 31.189297047415948 13.756333636491943 0.92546910140469929 7.4624294732307703 2.6699831199067594
leaf_count=597618 140110 282848 42086 27724 10808 35418 34484 10379 21389 4096 59331 9705 4662 5415
internal_value=1.63517e-09 0.0022359 -0.014492 0.00311741 0.00353409 0.00395163 -0.00816731 -0.00424865 -0.0129924 0.014273 -0.0222295 -0.0122811 0.0306798 -0.0267983
internal_weight=1879.14 1631.63 247.507 1579.1 1569.71 1558.34 198.413 182.203 124.786 57.417 52.5335 38.7771 8.3879 30.3892
internal_count=1286073 576021 710052 356798 329074 318266 112434 77950 63475 14475 219223 159892 14367 145525
is_linear=0
shrinkage=0.05


Tree=113
num_leaves=15
num_cat=0
split_feature=2 9 9 9 9 8 4 5 9 4 6 6 3 5
split_gain=23.8061 15.1819 15.1801 30.0484 24.8569 8.5476 7.79547 7.5364 4.34897 4.23148 5.71183 4.13335 3.8152 1.26186
threshold=1.0000000180025095e-35 0.76001625817989693 0.76149954325065006 0.78000614968329141 0.78079527892076073 1.0000000180025095e-35 0.75000000000000011 0.0065791959589129641 0.79909090909090918 0.013423423423423427 0.32929277784534233 0.31881018638349157 0.63360781563311253 0.027263427818526507
decision_type=2 2 2 2 2 2 2 2 2 2 2 2 2 2
left_child=7 6 5 -4 -5 11 13 -1 -9 12 -11 -3 -10 -2
right_child=1 2 3 4 -6 -7 -8 8 9 10 -12 -13 -14 -15
leaf_value=-0.041162013473818447 -0.039952091902706141 0.048821604556246657 -0.049039702776053878 0.05177836205513589 0.0017753993411885123 -0.022700031426582255 0.020999106053976906 -0.037029515797421253 -0.024157967407566559 -0.030543732218992842 -0.0010527985310249013 -0.013085710404794166 0.011340233968478147 -0.0057632295024324688
leaf_weight=27.707316112614933 27.378032459129599 24.119291994484463 23.726598609606299 20.251757296349069 1626.3341987057543 2.420489568467473 3.7166523590713032 11.230517231619272 4.5811574784912059 28.158095191543453 33.257095951824567 0.93832015732254959 32.863040399338274 4.9860880018823073
leaf_count=473848 71042 1728 60744 4116 518212 1340 186 49116 46124 21954 6550 668 30221 224
internal_value=-1.89516e-09 0.00161164 0.00233177 0.00166836 0.00254529 0.0361936 -0.0284337 -0.0196253 -0.0126522 -0.00823358 -0.0158555 0.0447122 0.00466293 -0.036161
internal_weight=1871.67 1733.87 1697.79 1670.31 1646.59 27.4781 36.0808 137.797 110.09 98.8594 61.4152 25.0576 37.4442 32.3641
internal_count=1286073 658260 586808 583072 522328 3736 71452 627813 153965 104849 28504 2396 76345 71266
is_linear=0
shrinkage=0.05


Tree=114
num_leaves=13
num_cat=0
split_feature=2 12 10 5 4 6 5 9 4 5 3 4
split_gain=22.4344 15.4936 14.5838 13.7389 17.3403 13.963 7.35065 4.16576 3.89661 5.19518 3.66662 1.97802
threshold=1.0000000180025095e-35 1.0000000180025095e-35 1.0000000180025095e-35 0.01524769701925738 0.0047732968785600379 0.147006154544743 0.0065791959589129641 0.79909090909090918 0.013423423423423427 0.01989165278083262 0.63360781563311253 0.75000000000000011
decision_type=2 2 2 2 2 2 2 2 2 2 2 2
left_child=6 2 3 4 -2 -5 -1 -8 10 -10 -9 -4
right_child=1 -3 11 5 -6 -7 7 8 9 -11 -12 -13
leaf_value=-0.04086306288978582 0.0042275609670086919 -0.046407071448890461 -0.041992350896630205 0.019435159062915892 -0.010306843952985123 0.0036906452390992718 -0.03651062690086309 -0.024038119847765285 -0.035424030355054634 -0.0048928339095995746 0.010775644994416409 0.0068233904488124294
leaf_weight=26.633441206925227 468.93182884379564 11.681563833478775 16.09099360810001 172.38116724228712 357.24220669284603 701.18540036250397 10.860031792922483 4.5355156562374637 16.896735775621437 43.859054954449675 33.192297166106982 0.88989637485064932
leaf_count=473848 237413 33438 75873 4548 247618 59357 49116 46124 24377 4127 30221 13
internal_value=4.36327e-10 0.00155999 0.00202021 0.00253629 -0.00208139 0.00689044 -0.0191811 -0.012344 -0.00804378 -0.0154318 0.00426726 -0.0384639
internal_weight=1864.38 1728.4 1716.72 1699.74 826.174 873.567 135.977 109.344 98.4836 60.7558 37.7278 16.9809
internal_count=1286073 658260 624822 548936 485031 63905 627813 153965 104849 28504 76345 75886
is_linear=0
shrinkage=0.05


Tree=115
num_leaves=15
num_cat=0
split_feature=9 5 4 6 5 8 3 7 8 9 9 9 8 3
split_gain=21.9784 13.5385 15.1303 14.1196 29.4335 14.4115 12.5424 11.5813 10.7457 9.87308 9.08183 22.8022 11.042 7.40511
threshold=0.81964459054494021 0.0086779004819367567 0.0043196745782952692 0.17251639022429113 0.010742851931374456 0.28768303847425386 0.97226613828493991 0.55000000000000016 0.44421246599804937 0.80090909090909101 0.79909090909090918 0.78079527892076073 0.18421883934917802 0.81951786853640385
decision_type=2 2 2 2 2 2 2 2 2 2 2 2 2 2
left_child=6 2 -2 8 -5 -6 -1 -4 13 10 11 -8 -12 -3
right_child=1 3 7 4 5 -7 9 -9 -10 -11 12 -13 -14 -15
leaf_value=-0.038652984422085271 -0.00042494167604968408 -0.012287853016791457 -0.012097923418609324 -0.044910865434429355 -0.00064490214369174008 0.016159897199948443 -0.0003451642375328473 -0.053321011357903396 -0.014866606127437143 -0.040562438814936194 -0.011529222287087498 -0.049835001434299364 0.029317697434672604 0.015736867060279491
leaf_weight=38.141803594266321 265.90789622036976 21.551936679022219 67.666721471123594 28.936990686787112 656.73685116485535 153.23667661621766 98.301789744761777 20.055265967501327 30.822182536981472 16.575583504158658 26.567943369435284 25.52373923705386 31.325024296754464 375.08496327578041
leaf_count=418777 315053 15262 106821 22112 60018 13767 107705 14904 4560 89342 27801 53847 12580 23524
internal_value=-8.25376e-10 0.00209139 -0.00649753 0.00450594 0.000718315 0.00261399 -0.0140763 -0.0238896 0.0118451 -0.00851453 -0.00458334 -0.0120846 0.0111461 0.0140801
internal_weight=1856.44 1620 353.63 1266.37 838.911 809.974 236.436 87.722 427.459 198.294 181.718 123.826 57.893 396.637
internal_count=1286073 576021 436778 139243 95897 73785 710052 121725 43346 291275 201933 161552 40381 38786
is_linear=0
shrinkage=0.05


Tree=116
num_leaves=15
num_cat=0
split_feature=9 9 9 9 9 9 7 5 9 9 9 4 5 5
split_gain=23.472 35.5561 16.9544 26.4671 26.4545 19.3249 9.43271 8.96869 7.83422 9.93764 7.15227 7.01156 4.52026 8.48494
threshold=0.87826463391680798 0.86012345679012359 0.85906503250714794 0.83999327877942653 0.83944694082572735 0.85860931501109905 4.0833333333333339 0.0070316410160160174 0.95723369742669007 0.94310769402195105 0.87986326488632371 0.02062074829931973 0.016775875470033032 0.0070857245786227511
decision_type=2 2 2 2 2 2 2 2 2 2 2 2 2 2
left_child=1 2 3 4 -1 -5 11 -2 9 10 -9 -4 13 -10
right_child=7 -3 6 5 -6 -7 -8 8 12 -11 -12 -13 -14 -15
leaf_value=-0.010093819321104197 -0.0070596441404681956 -0.05097552170793939 0.014454390428245936 -0.051819343209497375 0.016175723747952959 0.0010890250623463115 0.042252811949709729 0.014313959109406114 0.044673944935094814 -0.040879942082153897 0.0035689015315387047 -0.010632255378388031 0.043782164018518921 -0.012169002249454053
leaf_weight=377.54138213033133 139.47687515926918 38.067984633975129 74.587677035890692 48.430391189304544 123.03351050123808 25.194270472113658 16.644030835021113 193.70377248128284 4.9729712026855877 6.5649767990521459 728.82797841911429 38.464397068288235 16.598520475083205 14.95957560170609
leaf_count=869405 134648 74498 19487 107889 11659 4189 1826 7354 17 1044 52195 1120 84 658
internal_value=5.3063e-10 -0.00685273 -0.00412378 -0.00781443 -0.00354106 -0.0347963 0.0118993 0.00461104 0.00632446 0.00534251 0.00589004 0.0058302 0.0276486 0.00812768
internal_weight=1847.07 741.964 703.896 574.2 500.575 73.6247 129.696 1105.1 965.628 929.097 922.532 113.052 36.5311 19.9325
internal_count=1286073 1090073 1015575 993142 881064 112078 22433 196000 61352 60593 59549 20607 759 675
is_linear=0
shrinkage=0.05


Tree=117
num_leaves=15
num_cat=0
split_feature=9 9 3 9 9 5 9 9 7 4 9 9 9 4
split_gain=23.5166 35.1324 26.0766 21.2111 19.8355 14.2506 13.1573 77.4334 16.4453 13.8737 22.1279 10.2793 16.1103 10.2714
threshold=0.89832354935376557 0.88029508833236281 0.86434448284919141 0.8979068407205465 0.87912638030957113 0.0080745871609022492 0.89993270944637238 0.91742625495946184 2.9000000000000004 0.011173533083645446 0.89986063890787027 0.91979137321978599 0.95723369742669007 0.0033389074693422525
decision_type=2 2 2 2 2 2 2 2 2 2 2 2 2 2
left_child=1 2 -1 -3 5 -4 8 -8 9 10 -2 -9 -13 -5
right_child=6 3 4 13 -6 -7 7 11 -10 -11 -12 12 -14 -15
leaf_value=-0.026409686409002243 -0.0052029957237222394 -0.054794333556203667 -0.02178743222184561 0.034213040497485296 0.014723271797290988 -0.00064818062995842087 -0.052624362868838127 0.01481504825699549 -0.012845196220223535 0.033074172219586084 0.042751108343883654 -0.0088441030617429275 0.024379644413519971 -0.020715640468016022
leaf_weight=95.226617382343989 85.279412172368552 48.503783861935858 86.522156416042549 8.70563877201994 187.43994865380591 621.16768283511703 52.923262901389819 271.25590857418263 39.668353813627391 110.27152788679086 28.041630601575434 139.22554109768663 43.846438840807309 17.45453853069148
leaf_count=634818 12503 52757 271919 1892 6488 207803 33011 15581 5531 1544 2652 34944 3111 1519
internal_value=-3.04085e-10 -0.00480501 -0.00222384 -0.0367538 0.000481534 -0.00336739 0.00662976 0.00187385 0.0155877 0.0208027 0.00796851 0.00872592 -0.000450289 0.000120392
internal_weight=1835.53 1065.02 990.356 74.664 895.13 707.69 770.512 507.251 263.261 223.593 113.321 454.328 183.072 26.1602
internal_count=1286073 1177196 1121028 56168 486210 479722 108877 86647 22230 16699 15155 53636 38055 3411
is_linear=0
shrinkage=0.05


Tree=118
num_leaves=15
num_cat=0
split_feature=9 9 3 9 9 9 9 9 7 4 9 4 3 9
split_gain=23.665 32.8192 23.8464 19.6681 17.4418 17.4665 13.3508 70.6517 15.5452 10.9644 18.8367 8.83871 8.82567 7.92988
threshold=0.89832354935376557 0.88029508833236281 0.86434448284919141 0.8979068407205465 0.8787180979442325 0.85990022851699732 0.89993270944637238 0.91742625495946184 2.9000000000000004 0.011173533083645446 0.89986063890787027 0.0033389074693422525 0.84831726002230012 0.91979137321978599
decision_type=2 2 2 2 2 2 2 2 2 2 2 2 2 2
left_child=1 2 -1 -3 5 -4 8 -8 9 10 -2 -5 -13 -9
right_child=6 3 4 11 -6 -7 7 13 -10 -11 -12 12 -14 -15
leaf_value=-0.025742621630450831 -0.0032657352438497933 -0.054297896066502309 -0.0008737837223623436 0.03097549966055764 0.012364137054505248 -0.026023810724566623 -0.051462428217728555 0.013678571477041188 -0.012069343429165557 0.031917883540125973 0.0413139750414337 0.0252715303293304 -0.037268887271767255 0.00017070385667215479
leaf_weight=93.217033083918977 82.970547799706651 46.019410207111605 603.98918010000398 8.7102168942674343 217.5361045818272 73.002341924959865 50.356944208723405 271.11871462971578 39.020924600828039 108.85890855117214 27.817430554370958 4.1005835737710195 13.149736217208556 179.35271397116054
leaf_count=634818 12503 52757 443729 1892 8241 34240 33011 15581 5531 1544 2652 568 951 38055
internal_value=-1.32206e-09 -0.00481903 -0.00235603 -0.0362692 0.000210582 -0.00375671 0.00671153 0.00189704 0.0158205 0.0209336 0.00922833 -0.000702636 -0.0200642 0.0083614
internal_weight=1819.22 1059.72 987.745 71.9799 894.528 676.992 759.496 500.828 258.668 219.647 110.788 25.9605 17.2503 450.471
internal_count=1286073 1177196 1121028 56168 486210 477969 108877 86647 22230 16699 15155 3411 1519 53636
is_linear=0
shrinkage=0.05


Tree=119
num_leaves=15
num_cat=0
split_feature=9 9 9 9 9 6 6 9 1 5 6 5 9 7
split_gain=22.0408 32.7297 16.0043 41.2713 24.0845 10.2583 21.1295 15.7097 8.5582 7.25303 8.80805 11.762 9.41118 5.2624
threshold=0.87826463391680798 0.86012345679012359 0.85860931501109905 0.83999327877942653 0.83944694082572735 0.34747880488492794 0.45546945761189961 0.85990022851699732 1.0000000180025095e-35 0.0069126871662119017 0.22344846671144483 0.023244145630481626 0.87986326488632371 0.36666666666666675
decision_type=2 2 2 2 2 2 2 2 2 2 2 2 2 2
left_child=1 2 3 4 -1 7 -7 -4 9 13 12 -12 -11 -2
right_child=8 -3 5 -5 -6 6 -8 -9 -10 10 11 -13 -14 -15
leaf_value=-0.010015232931675763 0.005799263645527763 -0.05049883874184629 0.021977858392468977 -0.051188809171017507 0.015199202847750198 -0.048032616089770087 0.031986542018432894 -0.025696071811960344 -0.03777555165948842 0.025740719752051389 -0.0043237278453453765 0.011156445261732728 0.007701817298407067 -0.014798929188932962
leaf_weight=372.90866659244227 49.087036884853433 35.319188040426752 114.48358317581722 45.603628266083376 121.57016767632894 15.337873519174311 9.4540368129164545 15.89568596541187 6.8884515781085147 88.232155279414656 303.33774953547163 199.01803012821256 361.13661021809889 70.29731537416842
leaf_count=869405 51207 74498 18853 107889 11659 1075 143 6551 5041 3970 25688 2511 28751 78832
internal_value=1.96515e-10 -0.00667912 -0.00410838 -0.0081665 -0.00372604 0.00983017 -0.0172714 0.0154311 0.00453647 0.00498283 0.00644149 0.00185855 0.011488 -0.00643694
internal_weight=1808.57 730.573 695.254 540.082 494.479 155.171 24.7919 130.379 1078 1071.11 951.725 502.356 449.369 119.384
internal_count=1286073 1090073 1015575 988953 881064 26622 1218 25404 196000 190959 60920 28199 32721 130039
is_linear=0
shrinkage=0.05


Tree=120
num_leaves=15
num_cat=0
split_feature=9 9 9 9 9 9 9 9 7 9 9 9 4 3
split_gain=22.2817 29.8836 21.4287 17.8954 16.6184 20.5913 12.4001 61.2344 14.7925 10.3036 8.9196 14.3923 8.88099 8.51272
threshold=0.89832354935376557 0.88029508833236281 0.8787180979442325 0.8979068407205465 0.85990022851699732 0.85935616962374439 0.89993270944637238 0.91742625495946184 2.9000000000000004 0.87826463391680798 0.91979137321978599 0.95723369742669007 0.0033389074693422525 0.84831726002230012
decision_type=2 2 2 2 2 2 2 2 2 2 2 2 2 2
left_child=1 2 4 -3 5 -1 8 -8 -2 -6 -9 -12 -5 -14
right_child=6 3 -4 12 9 -7 7 10 -10 -11 11 -13 13 -15
leaf_value=-0.0071203679018840482 0.020375664450267429 -0.053376699959905238 0.010891374766684401 0.030161605268426695 -0.038887376177186621 0.018911533897502289 -0.049513180157597175 0.013456263138188432 -0.011893895938804928 -0.0003965860859698102 -0.0088515058769052767 0.022782021966769241 0.024240229825217001 -0.037546395658182102
leaf_weight=587.48956678738068 217.60565446888722 43.139170553036593 228.06562521667638 8.7825903760592627 53.840796910716335 82.276431264951952 47.04774323766992 267.82202732299316 38.836635084993759 24.826165754264593 136.91686992501872 43.16408324974077 4.035239020492555 13.243349350304925
leaf_count=997048 16699 52757 27252 1892 81281 11744 33011 15581 5531 3703 34944 3111 568 951
internal_value=8.89757e-10 -0.00471073 -0.00237372 -0.0353066 -0.00646136 -0.00380608 0.00654364 0.00187061 0.0153546 -0.0274899 0.007755 -0.000858558 -0.0016178 -0.020915
internal_weight=1797.09 1045.7 976.499 69.2003 748.433 669.766 751.393 494.951 256.442 78.667 447.903 180.081 26.0612 17.2786
internal_count=1286073 1177196 1121028 56168 1093776 1008792 108877 86647 22230 84984 53636 38055 3411 1519
is_linear=0
shrinkage=0.05


Tree=121
num_leaves=15
num_cat=0
split_feature=9 5 4 6 4 5 6 0 1 5 6 5 4 4
split_gain=20.3863 16.7705 24.1891 17.4654 15.4283 15.3433 16.4566 14.5258 8.23896 7.94417 6.89378 12.3267 7.60802 6.10908
threshold=0.8787180979442325 0.016775875470033032 0.010152545866831583 1.0000000180025095e-35 0.013072453861927548 0.0066373340707964615 0.34964245755614581 1.0000000180025095e-35 1.0000000180025095e-35 0.0069711483581712122 0.22344846671144483 0.023244145630481626 0.18333333333333338 0.039230769230769243
decision_type=2 2 2 2 2 2 2 2 2 2 2 2 2 2
left_child=1 2 5 -3 -5 -1 -7 -6 9 -2 12 -12 -11 -4
right_child=8 3 13 4 7 6 -8 -9 -10 10 11 -13 -14 -15
leaf_value=-0.028678764555098896 -0.0068495530264557139 0.023298352661479352 -0.041642914507858245 0.021517476641336162 -0.027606581625701954 0.0030819595135299655 -0.047958990669577664 -0.0012125187945105419 -0.037539486125557804 0.012247535052345481 -0.0040316247103271878 0.01210537692566508 -0.025924058550726589 -0.0082330417501772502
leaf_weight=55.39270944512333 121.26440695179576 68.299320220483423 71.970845669385085 45.082163484647481 68.561491815632053 224.7781628818812 11.958072527909051 180.60809774137715 6.5834558578376337 418.56287410038772 291.49566858098046 192.26832468169596 8.9190242509139335 20.127414033064042
leaf_count=656603 128512 3836 152456 6728 21665 153884 43273 31891 4941 31175 24968 2437 264 23440
internal_value=1.00604e-09 -0.00627807 -0.0134864 0.00144078 -0.00393713 -0.00618288 -0.000434875 -0.00887531 0.0045204 0.0049682 0.00656965 0.00244013 0.0111606 -0.0351414
internal_weight=1785.87 746.778 384.227 362.551 294.252 292.129 236.736 249.17 1039.09 1032.51 911.246 483.764 427.482 92.0983
internal_count=1286073 1093776 1029656 64120 60284 853760 197157 53556 192297 187356 58844 27405 31439 175896
is_linear=0
shrinkage=0.05


Tree=122
num_leaves=14
num_cat=0
split_feature=2 12 9 5 4 6 1 9 5 9 4 6 3
split_gain=19.6674 15.4151 12.934 16.2171 18.1966 15.2931 6.75623 6.33211 6.06248 3.57519 3.94317 5.01154 3.18029
threshold=1.0000000180025095e-35 1.0000000180025095e-35 0.87912638030957113 0.016206252509806545 0.012579113924050636 0.19914143983349539 1.0000000180025095e-35 0.95723369742669007 0.0065791959589129641 0.79909090909090918 0.013423423423423427 0.32929277784534233 0.63360781563311253
decision_type=2 2 2 2 2 2 2 2 2 2 2 2 2
left_child=8 2 3 5 -5 -2 7 -4 -1 -10 12 -12 -11
right_child=1 -3 6 4 -6 -7 -8 -9 9 10 11 -13 -14
leaf_value=-0.039682540888603318 -0.0038032789417385411 -0.046468777520113309 0.0051621465940652894 0.02837571686996684 -0.0010884837866435705 -0.026853761808932758 -0.034403212383343457 0.024220561134074545 -0.035428808654121166 -0.022829896918910471 -0.030261033758512124 -0.0015263756075725703 0.010226051447347772
leaf_weight=23.161554528478263 229.75313799597569 11.600691057677521 908.83989090621026 58.803930175022288 291.3564418430451 101.17500148105461 5.5017562163211542 41.330128112427701 9.9271272059147275 4.1210472764585679 25.671619866643255 31.143145836125768 32.868154714779052
leaf_count=473848 297480 33438 58029 4954 44161 216331 3514 353 49116 46124 21954 6550 30221
internal_value=-2.11337e-09 0.00148224 0.00196259 -0.00328839 0.00418938 -0.0111453 0.00570249 0.00611359 -0.0185809 -0.0122611 -0.0081405 -0.0159076 0.00426322
internal_weight=1775.25 1648.36 1636.76 681.089 350.16 330.928 955.672 950.17 126.893 103.731 93.804 56.8148 36.9892
internal_count=1286073 658260 624822 562926 49115 513811 61896 58382 627813 153965 104849 28504 76345
is_linear=0
shrinkage=0.05


Tree=123
num_leaves=15
num_cat=0
split_feature=5 9 9 3 9 9 9 8 6 9 4 5 7 8
split_gain=18.6956 18.2068 41.1824 16.5082 12.2805 7.48863 52.1132 9.44707 12.0675 6.48421 5.11543 4.75255 3.12349 2.60585
threshold=0.0039702854975892524 0.8979068407205465 0.88029508833236281 0.86434448284919141 0.8787180979442325 0.89993270944637238 0.91742625495946184 0.2248696779086887 0.29144430355965728 0.91979137321978599 0.030776515151515155 0.027263427818526507 1.9166666666666667 0.49709985123157829
decision_type=2 2 2 2 2 2 2 2 2 2 2 2 2 2
left_child=13 2 3 12 -5 7 11 10 -9 -8 -3 -7 -2 -1
right_child=1 5 -4 4 -6 6 9 8 -10 -11 -12 -13 -14 -15
leaf_value=-0.030181506759577831 -0.03590248028141485 0.022217643160879524 -0.052081735456031203 -0.0026771176822518055 0.011271278738860423 -0.052888051868268462 0.013159304121259638 -0.01932559058993941 0.020542352873194256 0.0006065518955107814 0.0019952322857275809 -0.0001475067954791018 -0.013237462412257268 -0.00044118145023462662
leaf_weight=51.575346356711862 26.626529788157029 167.95878336203168 36.812322081669663 644.26689209602648 203.49003819103473 36.610251389913742 260.97031735390942 40.162352854583446 27.805618225125727 168.59027299208651 39.453232731029857 4.7913372475413771 49.451712541052018 8.6399414265017622
leaf_count=437120 249795 10337 34116 361735 6928 19807 9587 4103 645 21694 505 114 91091 38496
internal_value=-1.17408e-10 0.00100091 -0.00354389 -0.00133984 0.000717421 0.00683536 0.00294802 0.0133125 -0.00272564 0.00829637 0.0185085 -0.0474581 -0.0228948 -0.0262752
internal_weight=1767.2 1706.99 960.647 923.835 847.757 746.342 470.962 275.38 67.968 429.561 207.412 41.4016 76.0782 60.2153
internal_count=1286073 810457 743665 709549 368663 66792 51202 15590 4748 31281 10842 19921 340886 475616
is_linear=0
shrinkage=0.05


Tree=124
num_leaves=15
num_cat=0
split_feature=9 12 7 5 9 9 9 1 9 4 5 5 7 9
split_gain=18.5874 11.1117 11.0632 10.7815 9.97162 10.732 14.0502 8.66679 8.7265 4.77651 2.70277 11.1224 1.50325 0.243029
threshold=0.81964459054494021 1.0000000180025095e-35 0.29166666666666669 0.0039702854975892524 0.80090909090909101 0.76001625817989693 0.76149954325065006 1.0000000180025095e-35 0.8979068407205465 0.75000000000000011 0.0033804135460761974 0.0032657755454108045 4.2916666666666679 0.68746806039488983
decision_type=2 2 2 2 2 2 2 2 2 2 2 2 2 2
left_child=2 3 13 10 5 9 -7 8 -5 -4 11 -2 -9 -1
right_child=1 -3 4 7 -6 6 -8 12 -10 -11 -12 -13 -14 -15
leaf_value=-0.00096486801500682826 -0.024984337189647713 -0.04226672457457821 -0.034288162647125156 -0.00034208006301591608 -0.04061017721466563 0.03171185729118918 -0.0060029898577652471 -0.040042024711618995 0.0073473879538467554 0.014342002400068169 -0.037241861218948104 0.030672523550979949 0.0049152637655677824 -0.0418114725019436
leaf_weight=0.61095482995398498 27.103196465627377 9.0761201150771722 29.802052390071083 734.00192408131795 16.907451806858091 25.632031265946353 122.55808273019625 8.5637624843102422 736.04600703877497 3.0834726590983328 11.860205526495376 7.7558989153125983 0.98761073230616681 25.56129109537045
leaf_count=11028 144823 29353 47905 264376 63359 4764 110751 10450 53890 168 58595 14176 358 472077
internal_value=-1.12345e-09 0.0019765 -0.0132861 0.00237673 -0.00867738 -0.00468464 0.00134257 0.0031512 0.00351985 -0.0284374 -0.0200839 -0.0103068 -0.0353018 -0.0411657
internal_weight=1759.55 1535.39 224.155 1526.32 197.983 181.076 148.19 1479.6 1470.05 32.8855 46.7193 34.8591 9.55137 26.1722
internal_count=1286073 576021 710052 546668 226947 163588 115515 329074 318266 48073 217594 158999 10808 483105
is_linear=0
shrinkage=0.05


Tree=125
num_leaves=15
num_cat=0
split_feature=2 12 10 9 1 5 5 4 6 6 3 4 6 4
split_gain=18.0138 13.5471 12.3145 11.4129 10.3927 5.47107 4.31816 4.24732 4.17664 4.89069 3.48751 3.21913 2.44647 1.31236
threshold=1.0000000180025095e-35 1.0000000180025095e-35 1.0000000180025095e-35 0.76001625817989693 1.0000000180025095e-35 0.0065791959589129641 0.027263427818526507 0.013423423423423427 0.32929277784534233 0.3556394829435548 0.63360781563311253 0.18333333333333338 0.39848639899959798 0.75000000000000011
decision_type=2 2 2 2 2 2 2 2 2 2 2 2 2 2
left_child=5 2 3 6 -5 -1 -2 10 11 -10 -7 -9 -12 -4
right_child=1 -3 13 4 -6 7 -8 8 9 -11 12 -13 -14 -15
leaf_value=-0.038933313336365308 -0.034375950426827874 -0.044831318189961854 -0.040385036652459967 0.0033607948666493138 -0.036971083200167884 -0.025612106799832071 0.0058793509196495867 -0.040611129250320337 0.01602502184460718 -0.018786186385986232 0.011420658754189166 -0.0015472959901107035 -0.021427701549896747 0.0049652733806671984
leaf_weight=21.286573371152571 23.655478716110341 10.68985311629285 13.876088625074541 1561.7784567466986 11.164395713090924 5.1551043635429599 6.9737889792304477 21.158065511877457 11.520827710987076 21.882826096402368 33.358416126203679 7.116168298834963 1.9454256458270709 0.63159192175953727
leaf_count=473848 62203 33438 75873 466359 20174 66127 200 32394 2502 8711 39172 991 4068 13
internal_value=2.5924e-10 0.00141733 0.00186004 0.00233334 0.00295829 -0.018031 -0.0256716 -0.012061 -0.0198167 -0.00625667 0.000641464 -0.0324893 0.00717683 -0.0376441
internal_weight=1752.19 1628.77 1618.08 1603.57 1572.94 123.423 30.6293 102.137 61.6779 33.4037 40.4589 28.2742 35.3038 14.5077
internal_count=1286073 658260 624822 548936 486533 627813 62403 153965 44598 11213 109367 33385 43240 75886
is_linear=0
shrinkage=0.05


Tree=126
num_leaves=15
num_cat=0
split_feature=9 9 2 7 10 9 9 1 5 4 9 3 4 7
split_gain=17.1541 10.421 9.9224 9.31019 8.99432 8.89443 12.2229 7.96879 7.92707 4.21313 3.72503 2.65308 3.26977 1.67304
threshold=0.81964459054494021 0.80090909090909101 1.0000000180025095e-35 0.29166666666666669 1.0000000180025095e-35 0.76001625817989693 0.76149954325065006 1.0000000180025095e-35 0.020994551425103421 0.75000000000000011 0.8199828281039524 0.63360781563311253 0.013423423423423427 4.2916666666666679
decision_type=2 2 2 2 2 2 2 2 2 2 2 2 2 2
left_child=1 3 10 -1 7 9 -7 8 -4 -5 -2 -12 -13 -9
right_child=2 -3 4 5 -6 6 -8 13 -10 -11 11 12 -14 -15
leaf_value=-0.038106317965722857 0.015216281808151214 -0.042388422348152467 0.0012228590748818459 -0.032653937435214817 -0.034550336227815968 0.029459465991135077 -0.0060189403178782042 -0.039329313778408037 0.0093853635187697033 0.013497373731490632 -0.035662927719084685 0.0013030703625359307 -0.020128033049535667 0.0059742125438398738
leaf_weight=18.848355264698341 6.0961390555382868 21.839427305359436 1002.2372001274409 27.934293343480196 10.903541550638463 25.039712584554536 121.60300283705385 8.2021502157426749 419.10479857030555 3.0030145074852035 12.078015853245459 28.779111328936324 39.32138909614514 1.0000259431908478
leaf_count=327280 4521 219184 220491 47905 33204 4764 110751 11459 10329 168 223206 58872 13657 282
internal_value=8.48312e-10 -0.0129483 0.00188614 -0.00870408 0.0028893 -0.00462524 0.000810708 0.00329401 0.00365416 -0.0269195 -0.0141145 -0.0171069 -0.0116016 -0.0340361
internal_weight=1745.99 218.268 1527.72 196.428 1441.45 177.58 146.643 1430.54 1421.34 30.9373 86.2747 80.1785 68.1005 9.20218
internal_count=1286073 710052 576021 490868 275765 163588 115515 242561 230820 48073 300256 295735 72529 11741
is_linear=0
shrinkage=0.05


Tree=127
num_leaves=15
num_cat=0
split_feature=9 9 9 9 8 9 9 6 0 5 4 6 5 6
split_gain=16.622 25.354 19.5573 13.0625 11.4128 9.4604 35.7713 15.1875 11.7635 9.41771 14.6656 8.363 6.41006 8.16338
threshold=0.85906503250714794 0.83999327877942653 0.83944694082572735 0.85860931501109905 0.2010310305476268 0.85990022851699732 0.87826463391680798 0.31129354638152201 1.5000000000000002 0.0080745871609022492 0.010050505050505053 0.45546945761189961 0.0073418221389305446 0.22344846671144483
decision_type=2 2 2 2 2 2 2 2 2 2 2 2 2 2
left_child=1 2 9 -3 -5 7 11 -2 -9 -1 -11 -7 -8 -14
right_child=5 3 -4 4 -6 6 12 8 -10 10 -12 -13 13 -15
leaf_value=-0.029302399492477618 0.026960377333961866 -0.050668113147376515 0.014114947074089196 0.013894610550952438 -0.047082995798770219 -0.043405939240104052 -0.0055026837769918333 -0.040670369204907825 0.020312119491165181 0.0095309563929960525 -0.013245591651555167 0.01555873013466719 0.010637747461120603 0.0010776386510537262
leaf_weight=44.189351188443766 82.34635111185662 41.577221899700646 119.47473640576254 20.260873508711487 6.0930029006317445 45.871572024872421 150.75412890194707 13.474917685130778 9.7465641458741157 102.73746670950021 202.94193922754619 4.2940310264373229 411.82780869893827 483.66664469118064
leaf_count=619981 14329 107889 11659 2733 1456 80544 138194 1153 168 98509 150915 737 30023 27783
internal_value=4.13469e-10 -0.00727153 -0.0029765 -0.0347079 -0.0054635 0.00326696 0.00185228 0.0172115 -0.0160108 -0.00892961 -0.00556031 -0.037406 0.0039036 0.00550888
internal_weight=1739.26 537.275 469.343 67.9311 26.3539 1201.98 1096.41 105.568 23.2215 349.869 305.679 50.1656 1046.25 895.494
internal_count=1286073 993142 881064 112078 4189 292931 277281 15650 1321 869405 249424 81281 196000 57806
is_linear=0
shrinkage=0.05


Tree=128
num_leaves=15
num_cat=0
split_feature=9 7 12 5 9 9 9 10 1 4 4 5 5 9
split_gain=15.7335 9.89598 9.86908 8.86907 8.81089 8.00754 11.0887 7.28104 7.19802 4.13327 2.69977 2.67594 10.3043 0.266846
threshold=0.81964459054494021 0.29166666666666669 1.0000000180025095e-35 0.0039702854975892524 0.80090909090909101 0.76001625817989693 0.76075375501719289 1.0000000180025095e-35 1.0000000180025095e-35 0.75000000000000011 0.75000000000000011 0.0033804135460761974 0.0032657755454108045 0.68746806039488983
decision_type=2 2 2 2 2 2 2 2 2 2 2 2 2 2
left_child=1 13 3 11 5 9 -7 8 -5 -3 -9 12 -2 -1
right_child=2 4 -4 7 -6 6 -8 10 -10 -11 -12 -13 -14 -15
leaf_value=-0.0005641600243143348 -0.023614756741536434 -0.031806577835854152 -0.040934211228866479 0.0035709653980470451 -0.039519937472468361 0.032404666748555438 -0.0049535524526069519 -0.037226476230649848 -0.033184628775682373 0.013783946494215224 0.010472823936467179 -0.035858497133220389 0.030336557613581852 -0.040983809546315406
leaf_weight=0.55726490529264339 25.817351742532907 26.946382420104047 8.40077597417371 1440.5384561282599 15.21180093218055 18.393665284511144 126.68839964672338 10.216417221885191 8.4834444590962885 2.9836223325546589 1.3825625836616389 11.204237852918224 7.6561548593747366 22.798306818179526
leaf_count=11028 144823 47905 29353 282848 63359 2515 113000 36000 10209 168 17 58595 14176 472077
internal_value=-5.11858e-10 -0.0125424 0.00180517 0.00217841 -0.00819106 -0.00444593 0.000704538 0.00287586 0.0032424 -0.0259393 -0.0300988 -0.0186172 -0.00893602 -0.0402889
internal_weight=1727.28 213.579 1513.7 1505.3 190.224 175.012 145.082 1460.62 1449.02 29.93 11.599 44.6777 33.4735 23.3556
internal_count=1286073 710052 576021 546668 226947 163588 115515 329074 293057 48073 36017 217594 158999 483105
is_linear=0
shrinkage=0.05


Tree=129
num_leaves=15
num_cat=0
split_feature=2 12 10 9 5 9 5 4 6 4 6 8 9 9
split_gain=14.7594 12.1186 10.4092 9.44836 13.3056 7.49202 5.35329 3.49781 4.3852 3.92704 3.80271 2.99731 2.9096 1.12829
threshold=1.0000000180025095e-35 1.0000000180025095e-35 1.0000000180025095e-35 0.87912638030957113 0.01524769701925738 0.87986326488632371 0.0060484032322606464 0.013423423423423427 0.32929277784534233 0.012739370334307045 0.3556394829435548 0.37855211085654894 0.93697896052090379 0.85906503250714794
decision_type=2 2 2 2 2 2 2 2 2 2 2 2 2 2
left_child=6 2 3 4 -2 -5 -1 9 12 11 -10 -8 -9 -11
right_child=1 -3 -4 5 -6 -7 7 8 10 13 -12 -13 -14 -15
leaf_value=-0.03923405543146085 -0.010455426583082031 -0.043544372439890108 -0.036260218904405443 0.015397905873878473 0.0038727432742605757 0.0033190163610383135 -0.014193143678125027 -0.036534603640334298 0.014949363861855903 -0.0067831270731866736 -0.016079498092340438 0.01494773186083816 0.0074038291784634227 0.030567769299273812
leaf_weight=17.436431655452651 286.81837719939335 9.9435786664027983 12.87427252819816 149.72657505662937 360.07762193963117 783.46363675379325 29.149158118726547 24.107571734356899 11.23118906515151 0.55746849834485956 20.873379995921823 7.3999648734384769 2.5980553953440895 5.9443436424774063
leaf_count=450785 438882 33438 75886 4328 57386 48340 111400 34779 2502 1684 8711 17130 299 523
internal_value=-3.65523e-11 0.00128324 0.00169843 0.00212112 -0.0025115 0.00532876 -0.0165999 -0.0110709 -0.0185012 -5.17243e-05 -0.00467287 -0.00720431 -0.0317666 0.0258087
internal_weight=1722.2 1602.9 1592.96 1580.09 646.896 933.19 119.298 101.861 58.8102 43.0509 32.1046 36.5491 26.7056 6.50181
internal_count=1286073 658260 624822 548936 496268 52668 627813 177028 46291 130737 11213 128530 35078 2207
is_linear=0
shrinkage=0.05


Tree=130
num_leaves=15
num_cat=0
split_feature=9 9 9 6 5 5 4 6 5 5 5 4 7 0
split_gain=14.6537 36.5531 16.5563 8.88715 10.6047 7.51723 17.5687 11.4397 10.2162 10.223 9.72379 13.7162 7.29689 6.77146
threshold=0.85860931501109905 0.83999327877942653 0.83944694082572735 0.3588502965882277 0.0080745871609022492 0.0089890245116538616 0.0043196745782952692 0.21337221540222626 0.010742851931374456 0.011586397842959775 0.0092540709749122443 0.004106793496593133 0.55000000000000016 1.5000000000000002
decision_type=2 2 2 2 2 2 2 2 2 2 2 2 2 2
left_child=1 2 3 4 -1 6 -2 10 -9 -10 -7 -12 -8 -5
right_child=5 -3 -4 13 -6 7 12 8 9 -11 11 -13 -14 -15
leaf_value=-0.027629943672520463 0.0026964856467104744 -0.050443062868817445 0.012816440035417209 -0.038107082665885722 -0.0014931526781264404 0.041933427640201276 -0.014078036108189768 -0.033259151258427537 0.025307994713127703 9.8321193013839591e-06 -0.018176867098306109 0.01313355139897651 -0.0524018809637391 0.010957104811069445
leaf_weight=40.669255693610125 230.96541456913107 39.504722782143517 118.4780730461668 32.17895480934186 262.91708083531898 20.858282681066612 50.657978140964843 16.329939430247009 38.368999041520397 504.20318402616385 35.057595017068252 303.05910447317069 14.674359768144539 6.3196207559727773
leaf_count=587151 179270 107889 11659 89001 187404 2073 43728 6695 3350 29293 5893 18541 8277 5849
internal_value=3.17864e-10 -0.00716149 -0.00294715 -0.0085127 -0.00538546 0.00296679 -0.00391059 0.00519602 0.000697237 0.0020136 0.0120946 0.00966956 -0.0257993 -0.0297194
internal_weight=1714.24 500.068 460.563 342.085 303.586 1214.17 296.298 917.877 558.902 542.572 358.975 338.117 65.3323 38.4986
internal_count=1286073 988953 881064 869405 774555 297120 231275 65845 39338 32643 26507 24434 52005 94850
is_linear=0
shrinkage=0.05


Tree=131
num_leaves=15
num_cat=0
split_feature=9 9 9 3 5 6 9 9 9 7 4 9 9 9
split_gain=15.038 24.8725 17.2578 14.8421 11.6982 34.952 9.65734 8.54248 50.3272 12.4454 10.011 23.5374 7.70076 11.5914
threshold=0.89832354935376557 0.88029508833236281 0.8979068407205465 0.86434448284919141 0.021638653831555329 0.3556394829435548 0.78000614968329141 0.89993270944637238 0.91742625495946184 2.9000000000000004 0.0089687902187902211 0.89986063890787027 0.91979137321978599 0.95723369742669007
decision_type=2 2 2 2 2 2 2 2 2 2 2 2 2 2
left_child=1 3 -3 -1 5 -5 -6 9 -9 10 11 -2 -10 -14
right_child=7 2 -4 4 6 -7 -8 8 12 -11 -12 -13 13 -15
leaf_value=-0.021829113284920848 -0.0099591651542915924 -0.052215988694346294 0.00019585394438157236 -0.00024485080533447078 -0.019004850225423357 -0.046025857048213104 0.012049303366260922 -0.047665897604979621 0.012072053134709868 -0.011981608479098882 0.027497892227353521 0.041486153966812281 -0.0088807589083184906 0.020020801544935643
leaf_weight=79.486892430141211 70.629994697161692 38.320805503725637 24.580523115045253 540.98051364494677 23.463482429506257 40.177198815316729 234.51353475483643 42.071776832634498 261.11681262885588 38.818501250459462 112.371928462715 26.598701823717079 129.72337602381918 41.747372012589381
leaf_count=634818 12176 52757 3411 408932 4672 57091 15515 33011 15581 5531 1876 2647 34944 3111
internal_value=-1.08744e-09 -0.00402271 -0.0332283 -0.00185384 0.000156402 -0.00377544 0.00891723 0.00545064 0.00147674 0.0128647 0.0176382 0.00545539 0.00674619 -0.00147631
internal_weight=1704.6 981.523 62.9013 918.622 839.135 581.158 257.977 723.078 474.659 248.419 209.601 97.2287 432.588 171.471
internal_count=1286073 1177196 56168 1121028 486210 466023 20187 108877 86647 22230 16699 14823 53636 38055
is_linear=0
shrinkage=0.05


Tree=132
num_leaves=14
num_cat=0
split_feature=9 9 9 9 9 1 12 5 9 7 4 7 5
split_gain=15.4089 32.6163 13.9791 17.5229 11.993 7.57612 6.66941 6.68493 6.06518 5.43531 14.6153 9.11541 1.89988
threshold=0.85860931501109905 0.83999327877942653 0.83914845405209448 0.82024390243902456 0.81964459054494021 1.0000000180025095e-35 1.0000000180025095e-35 0.0032657755454108045 0.85990022851699732 0.90000000000000013 0.0089687902187902211 2.3666666666666671 0.0028971518101952886
decision_type=2 2 2 2 2 2 2 2 2 2 2 2 2
left_child=1 2 3 4 -1 6 7 12 -9 10 -4 -11 -2
right_child=5 -3 9 -5 -6 -7 -8 8 -10 11 -12 -13 -14
leaf_value=-0.011718463890718005 -0.0065428354735929551 -0.049541241611837289 -0.0098225320580848478 -0.044995908480259639 0.010237825942244075 -0.03737225660035521 -0.035527253350795096 0.014380059266003825 0.0030082165863089035 -0.020369230835903664 0.041023902832574816 0.012151932299683241 -0.037302473628989051
leaf_weight=206.82909472754091 13.826462567174419 37.061742852661268 20.649101191737316 26.067015778704501 83.626678808949919 6.5114080803220977 5.929908584347003 128.00210516161337 1038.6487835864125 26.999367199532117 30.903105089464589 61.074762818497334 6.4157780878869053
leaf_count=710052 50761 107889 4522 140690 14584 7992 22755 12931 178869 5086 976 5154 23812
internal_value=5.14134e-10 -0.0073956 -0.00347128 -0.00924617 -0.00533064 0.00305942 0.00343521 0.00377809 0.00431195 0.00948707 0.0215897 0.0016238 -0.0217499
internal_weight=1692.55 493.211 456.149 316.523 290.456 1199.33 1192.82 1186.89 1166.65 139.626 51.5522 88.0741 20.2422
internal_count=1286073 988953 881064 865326 724636 297120 289128 266373 191800 15738 5498 10240 74573
is_linear=0
shrinkage=0.05


Tree=133
num_leaves=12
num_cat=0
split_feature=12 2 1 9 5 6 5 9 9 7 7
split_gain=13.916 12.6877 10.104 10.1787 11.266 6.7651 5.28117 3.49096 3.00765 2.00497 0.028047
threshold=1.0000000180025095e-35 1.0000000180025095e-35 1.0000000180025095e-35 0.87912638030957113 0.01524769701925738 0.41443715578777768 0.0060484032322606464 0.79909090909090918 0.80090909090909101 4.2916666666666679 4.4500000000000011
decision_type=2 2 2 2 2 2 2 2 2 2 2
left_child=1 6 3 4 -3 -5 -1 -8 -9 -4 -11
right_child=-2 2 9 5 -6 -7 7 8 -10 10 -12
leaf_value=-0.038512633061370809 -0.046217011868864684 -0.010169077040312322 -0.043024026281725615 0.0038860887545161676 0.003153940810366216 0.017870469080846489 -0.033596327282155634 0.013811352022433812 -0.009580409280824799 0.0074142149417393806 -0.0005251931083921752
leaf_weight=16.065517260599705 11.13241875051949 282.76085713368479 10.005399805963632 826.25347435463277 349.83159252130599 92.443361622703378 8.6617442234795856 11.981324378900181 75.904466598998738 0.4540735964255862 0.62220372381125344
leaf_count=450575 35082 484015 22899 57132 58996 1250 56137 12314 107143 6 524
internal_value=1.822e-09 0.000443811 0.00163103 0.00203339 -0.00283433 0.00538238 -0.0153966 -0.00984315 -0.00581965 -0.0378137 0.00616906
internal_weight=1686.12 1674.98 1562.37 1551.29 632.592 918.697 112.613 96.5475 87.8858 11.0817 1.07628
internal_count=1286073 1250991 624822 601393 543011 58382 626169 175594 119457 23429 530
is_linear=0
shrinkage=0.05


Tree=134
num_leaves=15
num_cat=0
split_feature=9 9 9 9 9 9 9 6 6 9 5 6 4 4
split_gain=13.2694 13.7909 12.5137 16.6704 13.5989 13.4292 12.3977 7.831 10.4043 8.86466 6.46488 6.0435 5.68519 34.3841
threshold=0.8787180979442325 0.86012345679012359 0.85906503250714794 0.83999327877942653 0.85860931501109905 0.83914845405209448 0.87826463391680798 0.27459711252584801 0.45546945761189961 0.85990022851699732 0.0069711483581712122 0.26666929573493831 0.0054794931844112183 0.0072203107079553764
decision_type=2 2 2 2 2 2 2 2 2 2 2 2 2 2
left_child=1 2 3 5 -5 -1 -3 9 -9 -4 -2 -8 -12 -14
right_child=10 6 7 4 -6 -7 11 8 -10 -11 12 -13 13 -15
leaf_value=-0.0089196430527561325 -0.007152452819351042 -0.04829026327199154 0.024335284574217492 -0.048618067814275023 -0.00088080831121305377 0.0095484789103160543 0.016080538868495843 -0.024909297121700414 0.028207749266304389 -0.016243400792951678 0.011312256916430539 -0.026717765692243892 -0.038720816551607605 0.0058167890225635441
leaf_weight=311.34374964855499 116.83728597945446 28.739585493215486 77.922701809496544 34.589425061639815 24.240785542506387 138.21128031567787 15.614104143236206 24.323249948769444 8.7197993849040341 12.445574873543277 258.81052142564727 8.7605398598010407 41.846145879231926 576.09537760536432
leaf_count=865326 131660 74498 14015 107889 4189 15738 2926 2456 136 5826 26664 777 5752 28221
internal_value=9.41136e-10 -0.00533264 -0.00316205 -0.00663194 -0.0305579 -0.00319922 -0.0286584 0.0108336 -0.00902706 0.0181881 0.00368424 -0.00123116 0.00516073 0.00251418
internal_weight=1678.5 684.911 631.797 508.385 58.8302 449.555 53.1142 123.411 33.043 90.3683 993.589 24.3746 876.752 617.942
internal_count=1286073 1093776 1015575 993142 112078 881064 78201 22433 2592 19841 192297 3703 60637 33973
is_linear=0
shrinkage=0.05


Tree=135
num_leaves=15
num_cat=0
split_feature=7 0 12 5 6 5 8 7 6 9 9 5 9 4
split_gain=12.9702 11.2984 11.1579 8.73624 7.78618 13.6751 9.78997 6.54818 6.22714 4.03106 7.06396 3.71263 3.01632 2.67996
threshold=1.0000000180025095e-35 1.0000000180025095e-35 1.0000000180025095e-35 0.0065791959589129641 0.16673969934009811 0.023244145630481626 0.44421246599804937 0.36666666666666675 0.42766860591460698 0.89881723438483607 0.89832354935376557 0.0031874240049190486 0.91955114257907289 0.75000000000000011
decision_type=2 2 2 2 2 2 2 2 2 2 2 2 2 2
left_child=1 -1 3 7 6 -6 -5 11 9 10 -3 -2 -9 -11
right_child=2 8 -4 4 5 -7 -8 12 -10 13 -12 -13 -14 -15
leaf_value=-0.039842977216976584 -0.017232106210159522 -0.012437010964567931 -0.042829003333113486 0.0086571786697518024 -0.0054618497902025262 0.0073863361748628901 -0.014422908263571134 -0.023212834551518072 0.028293107530266925 -0.038149674271290533 0.032468141407268399 0.019403978854458409 0.0019705058700959905 0.010225380923960104
leaf_weight=31.54027652702473 5.4619126167484096 30.479642846028128 9.3535019726555202 555.73325014778845 539.32720460545454 329.32048806805506 45.558389532035335 64.888706500957881 7.5545731801971661 10.398700424279834 6.6369639205788351 18.013114581255422 13.431619817326803 1.3071997250081047
leaf_count=407075 17204 291461 26943 89618 123940 11136 11448 257611 5039 14118 482 12362 17626 10
internal_value=3.06803e-09 -0.0181565 0.00106366 0.00145986 0.00245538 -0.000576468 0.00680394 -0.0123576 -0.00376662 -0.0108949 -0.00150606 0.00935083 -0.0190349 -0.031304
internal_weight=1669.01 87.9174 1581.09 1571.73 1469.94 868.648 601.292 101.795 56.3771 48.8225 37.1166 23.475 78.3203 11.7059
internal_count=1286073 718185 567888 540945 236142 135076 101066 304803 311110 306071 291943 29566 275237 14128
is_linear=0
shrinkage=0.05


Tree=136
num_leaves=15
num_cat=0
split_feature=9 9 9 9 9 5 4 6 7 5 4 6 8 7
split_gain=13.5867 27.9026 10.0667 16.7298 11.9914 6.28521 14.3609 9.5654 10.5082 8.38268 12.2329 8.00548 7.49903 6.59199
threshold=0.85860931501109905 0.83999327877942653 0.83914845405209448 0.82024390243902456 0.81964459054494021 0.0089890245116538616 0.0043196745782952692 0.21337221540222626 0.45000000000000007 0.0092540709749122443 0.004106793496593133 0.42766860591460698 0.44738689772297874 0.55000000000000016
decision_type=2 2 2 2 2 2 2 2 2 2 2 2 2 2
left_child=1 2 3 4 -1 6 -2 9 11 -7 -11 -9 -10 -8
right_child=5 -3 -4 -5 -6 7 13 8 12 10 -12 -13 -14 -15
leaf_value=-0.011126328666347314 0.0023949191337994534 -0.048272993046774931 0.0075321638878037347 -0.044463183589200983 0.011134187718734223 0.039213294737856966 -0.012785177486317448 -0.032311515929825327 0.00032580832750931618 -0.017506348439599948 0.012332552401409567 0.013707526327589984 0.017480685320394884 -0.050612913714297207
leaf_weight=202.70874913919579 227.3677585617132 32.895935087023815 137.75542554795237 24.395037580108237 80.796772653593166 20.475853347319116 47.753828807698966 33.069307770133037 431.98100203722208 34.340459810169591 296.39670668114104 9.4225598797104322 69.765144621220998 12.967830861047899
leaf_count=710052 179270 107889 15738 140690 14584 2073 43728 10239 23306 5893 18541 1215 4578 8277
internal_value=-2.44035e-09 -0.00706615 -0.00352264 -0.00850991 -0.00469925 0.00287482 -0.00350531 0.00493554 0.000759122 0.0113058 0.0090198 -0.021738 0.00286005 -0.0240997
internal_weight=1662.09 478.552 445.656 307.901 283.506 1183.54 288.089 895.451 544.238 351.213 330.737 42.4919 501.746 60.7217
internal_count=1286073 988953 881064 865326 724636 297120 231275 65845 39338 26507 24434 11454 27884 52005
is_linear=0
shrinkage=0.05


Tree=137
num_leaves=15
num_cat=0
split_feature=9 9 5 4 5 5 4 4 9 9 9 9 9 6
split_gain=12.3302 26.0106 9.35007 13.353 10.6591 6.13345 15.6572 18.9089 13.6548 13.3323 8.44789 7.63614 7.22028 7.18999
threshold=0.85860931501109905 0.83999327877942653 0.0067568252559128484 0.004106793496593133 0.021638653831555329 0.015709475700968371 0.013606071825249909 0.060661764705882359 0.91994293951976236 0.91923903940184737 0.95723369742669007 0.93697896052090379 0.93697896052090379 0.35653702356949896
decision_type=2 2 2 2 2 2 2 2 2 2 2 2 2 2
left_child=1 2 -1 -4 -5 6 8 12 9 -2 13 -10 -8 -7
right_child=5 -3 3 4 -6 10 7 -9 11 -11 -12 -13 -14 -15
leaf_value=-0.028166273524072208 1.0849749111252731e-06 -0.047599802052139983 0.019871917563246841 -0.011640204492808401 0.0060022102423436599 0.0085460849672431387 -0.050115140541148379 0.024600085062416822 -0.046103032851970406 0.019335436941322587 0.036461857728729195 -0.0071887329541115604 0.0034343460738318651 -0.0042530727861776474
leaf_weight=30.144103284045002 394.03546637473369 31.092886577948263 58.514972793143556 221.10198527404009 133.81461276386244 407.36025566265903 32.22513054255478 10.694721560976175 15.150985991509485 110.24048979902625 17.649107075158099 40.081035388974811 6.8366782748089454 146.00741615200423
leaf_count=558034 219736 107889 61461 243838 17731 14688 13736 1342 15528 10388 102 15880 499 5221
internal_value=1.62398e-09 -0.00676385 -0.00340275 -0.0012822 -0.00499749 0.00273725 -0.000754136 -0.0262763 0.00172816 0.00437613 0.0064367 -0.0208045 -0.0414166 0.00516115
internal_weight=1654.95 474.669 443.576 413.432 354.917 1180.28 609.265 49.7565 559.508 504.276 571.017 55.232 39.0618 553.368
internal_count=1286073 988953 881064 323030 261569 297120 277109 15577 261532 230124 20011 31408 14235 19909
is_linear=0
shrinkage=0.05


Tree=138
num_leaves=15
num_cat=0
split_feature=2 12 10 1 5 5 5 6 6 4 7 7 4 5
split_gain=12.2507 9.59221 9.19201 8.12579 8.17502 4.44387 3.47597 3.40084 2.7939 2.07999 1.61463 1.4703 0.889212 0.215259
threshold=1.0000000180025095e-35 1.0000000180025095e-35 1.0000000180025095e-35 1.0000000180025095e-35 0.01524769701925738 0.0060484032322606464 0.0068096079487626792 0.32929277784534233 0.39848639899959798 0.013423423423423427 3.4500000000000006 4.2916666666666679 0.75000000000000011 0.0066373340707964615
decision_type=2 2 2 2 2 2 2 2 2 2 2 2 2 2
left_child=5 2 3 4 -2 -1 10 9 -9 -8 -7 -5 -4 -12
right_child=1 -3 12 11 -6 6 7 8 -10 -11 13 -13 -14 -15
leaf_value=-0.037827240733761924 -0.001468830743586286 -0.040599394896675189 -0.037809628836082528 -0.03987208179157288 0.005875463997397478 -0.006539584424241832 -0.0086970274553545262 0.0073962620615982133 -0.01668554848761631 -0.03068360570493885 -0.0012178507753882908 0.0049192402242936792 0.0037856983578493071 0.032907990127495824
leaf_weight=14.788826221864239 737.07828631325719 8.6259524118436257 11.115392344953531 8.6055749564045492 771.24834022948266 2.1758833010194385 25.816699942077804 26.834410281094165 14.448505419402748 24.240372501476145 0.12390988851984763 0.94824852578312935 0.46747449813119679 2.2991794021581882
leaf_count=450785 464063 33438 75873 21609 62771 28758 77877 20474 14892 32666 1976 493 13 385
internal_value=-2.46875e-09 0.00117672 0.00154386 0.00194212 0.00229351 -0.0156902 -0.0105731 -0.0130192 -0.00192411 -0.0211637 0.0194848 -0.0352637 -0.0354956 0.031518
internal_weight=1648.82 1538.09 1529.46 1517.88 1508.33 110.728 95.939 91.34 41.2829 50.0571 4.59897 9.55382 11.5829 2.42309
internal_count=1286073 658260 624822 548936 526834 627813 177028 145909 35366 110543 31119 22102 75886 2361
is_linear=0
shrinkage=0.05


Tree=139
num_leaves=15
num_cat=0
split_feature=9 9 9 9 9 9 9 1 5 4 6 5 5 9
split_gain=12.0697 24.1768 8.58911 22.8246 26.6532 13.7415 17.1115 6.28475 6.01817 12.8554 8.61666 8.74747 7.25931 5.55983
threshold=0.85860931501109905 0.83999327877942653 0.78000614968329141 0.78079527892076073 0.79909090909090918 0.76149954325065006 0.76001625817989693 1.0000000180025095e-35 0.0089890245116538616 0.0057971501545906719 0.21337221540222626 0.016480225722681287 0.0092540709749122443 0.95723369742669007
decision_type=2 2 2 2 2 2 2 2 2 2 2 2 2 2
left_child=1 2 5 -4 -5 6 -1 8 9 -2 12 -12 -10 -11
right_child=7 -3 3 4 -6 -7 -8 -9 10 13 11 -13 -14 -15
leaf_value=-0.026031397197267887 0.00077899599138644136 -0.047062396565867096 0.046055114766885029 -0.048085747852845931 0.0007467804505378226 -0.047176406693120156 0.025672746482406712 -0.035340699082358068 0.036980314137366022 -0.03729316446140684 -0.0090653663844061493 0.0050232872369191731 0.0090013484487891388 0.015271196734073306
leaf_weight=31.192926205613418 253.71652244388932 29.48498807219255 19.867711653764388 25.61426201698896 318.63392216718091 22.260797559459405 23.748992969894232 5.7829127919801513 20.859965821536662 28.790923033952001 147.81145521566691 390.26646639592354 323.56335693856101 3.1119754070828085
leaf_count=135366 194930 107889 8404 130315 486793 111926 8260 7992 1964 30080 24417 14103 23477 157
internal_value=1.81602e-10 -0.00672177 -0.00352953 -0.000230662 -0.00352307 -0.0181278 -0.00340474 0.00271289 0.00305111 -0.00321641 0.00508627 0.00110527 0.0112008 -0.0307914
internal_weight=1644.71 470.804 441.319 364.116 344.248 77.2027 54.9419 1173.9 1168.12 285.619 882.501 538.078 344.423 31.9029
internal_count=1286073 988953 881064 625512 617108 255552 143626 297120 289128 225167 63961 38520 25441 30237
is_linear=0
shrinkage=0.05


Tree=140
num_leaves=15
num_cat=0
split_feature=7 0 12 5 4 5 4 6 5 9 9 5 4 9
split_gain=11.4044 9.92674 9.53917 8.10891 6.81598 26.6051 7.77943 5.89896 5.63253 5.56623 5.33142 5.09162 4.77178 2.78342
threshold=1.0000000180025095e-35 1.0000000180025095e-35 1.0000000180025095e-35 0.0065791959589129641 0.013606071825249909 0.018947083501492629 0.011173533083645446 0.31340091279357213 0.0063150940571909397 0.91923903940184737 0.91979137321978599 0.0059527986633249805 0.75000000000000011 0.81964459054494021
decision_type=2 2 2 2 2 2 2 2 2 2 2 2 2 2
left_child=1 -1 3 9 6 -6 -5 8 11 -2 -11 -3 -10 -9
right_child=2 7 -4 4 5 -7 -8 13 12 10 -12 -13 -14 -15
leaf_value=-0.038883911248834044 -0.018255996243863801 -0.012134946489435642 -0.040645129689019587 0.0034144815823281788 -0.020036455157632607 0.0039195809088496377 0.017719575466294876 -0.015182971588932642 -0.042768489179321328 0.024803837636327403 -0.016253092416500369 0.030357419996795906 0.012981416644947784 0.02444925820215877
leaf_weight=28.661179358033849 77.000652432688241 15.806427549357553 8.6429748219231879 679.30647869203142 144.10732595060847 515.72477504672406 106.34256116809047 2.0407095136916409 13.347165009807268 13.617180321848993 9.2691195268948245 5.7023011373424302 2.3900225666366159 15.075994370694699
leaf_count=407075 282750 185929 26943 151447 43644 28198 12853 31502 71060 4224 17829 7857 320 14442
internal_value=-4.24876e-10 -0.0175097 0.000988621 0.0013518 0.0023185 -0.00142376 0.00545058 -0.00391482 -0.0145893 -0.012081 0.00824276 0.00273153 -0.0332132 0.0173599
internal_weight=1637.03 83.0238 1554.01 1545.37 1445.48 659.832 785.649 54.3626 37.2459 99.887 22.8863 21.5087 15.7372 17.1167
internal_count=1286073 718185 567888 540945 236142 71842 164300 311110 265166 304803 22053 193786 71380 45944
is_linear=0
shrinkage=0.05


Tree=141
num_leaves=15
num_cat=0
split_feature=7 0 12 9 9 9 5 6 7 6 5 5 4 7
split_gain=10.9026 9.31343 8.95143 7.32202 14.9628 38.5424 9.89956 14.822 7.39387 5.63874 5.7403 5.16111 4.65449 4.60065
threshold=1.0000000180025095e-35 1.0000000180025095e-35 1.0000000180025095e-35 0.89941970054763509 0.89993270944637238 0.91742625495946184 0.024317746240414963 0.34964245755614581 2.7083333333333335 0.31340091279357213 0.0063150940571909397 0.0059527986633249805 0.75000000000000011 0.45000000000000007
decision_type=2 2 2 2 2 2 2 2 2 2 2 2 2 2
left_child=1 -1 3 6 8 -6 7 -2 -5 10 11 -3 -12 -8
right_child=2 9 -4 4 5 -7 13 -9 -10 -11 12 -13 -14 -15
leaf_value=-0.03839176663471347 -0.0014828858903517973 -0.012239648593430928 -0.039858005537258684 0.026406508173143956 -0.044863161222501148 0.0061480584430705226 -0.029818542035328261 -0.024043880939205793 -0.0077604063500625797 0.016754580706236703 -0.042816933058084115 0.030455993804051579 0.012697713353236818 0.0098511249191335221
leaf_weight=27.632415733817766 710.49414397236001 15.64773125712887 8.3211118911315207 99.41181326836238 35.689954857760654 407.2016018542364 2.8306523647479471 76.221556311576137 16.353839144838275 17.023103292775488 13.273344626345787 5.8149866093734763 2.3381641891355676 195.43691895681695
leaf_count=407075 441449 185929 26943 6872 19276 35855 288 27289 2468 45944 71060 7857 320 7448
internal_value=-1.40498e-09 -0.0172536 0.0009611 0.00130912 0.00585497 0.00158244 -0.00128573 -0.00380677 0.0214584 -0.00412172 -0.0145593 0.00289691 -0.0334391 0.00856522
internal_weight=1633.69 81.7297 1551.96 1543.64 558.657 442.892 984.983 786.716 115.766 54.0973 37.0742 21.4627 15.6115 198.268
internal_count=1286073 718185 567888 540945 64471 55131 476474 468738 9340 311110 265166 193786 71380 7736
is_linear=0
shrinkage=0.05


Tree=142
num_leaves=15
num_cat=0
split_feature=9 9 9 9 9 9 9 1 5 4 6 5 3 7
split_gain=10.8088 22.7594 8.0855 20.5377 24.1228 12.5324 15.2244 5.80884 5.69219 10.1452 6.89495 8.33869 7.49099 6.59139
threshold=0.85860931501109905 0.83999327877942653 0.78000614968329141 0.78079527892076073 0.79909090909090918 0.76149954325065006 0.76001625817989693 1.0000000180025095e-35 0.0089890245116538616 0.0043196745782952692 0.21337221540222626 0.010742851931374456 0.80953475919488083 0.55000000000000016
decision_type=2 2 2 2 2 2 2 2 2 2 2 2 2 2
left_child=1 2 5 -4 -5 6 -1 8 9 -2 12 -12 -10 -11
right_child=7 -3 3 4 -6 -7 -8 -9 10 13 11 -13 -14 -15
leaf_value=-0.025442848296820871 0.0016391583627299025 -0.046585312339602239 0.043824716199443635 -0.047096810155559388 0.00067035277584125879 -0.046396829531116929 0.02362924209836581 -0.03442322788739887 -0.016744974898128231 -0.0099434919311358495 -0.030251909314260042 0.0024888689913627866 0.01220285928978391 -0.048402463744578718
leaf_weight=30.228234550597747 226.49555684467211 27.831411106485234 19.769036447147414 23.828230538917637 316.26052537045916 20.864707231269264 23.752975285209118 5.5441037099405994 19.694751746455836 44.879707464389895 15.214059708463308 512.93573736664814 325.26282187776565 11.764728058301214
leaf_count=135366 175529 107889 8404 130315 486793 111926 8260 7992 10429 41418 6560 31960 15012 8220
internal_value=-1.02074e-10 -0.00642361 -0.0033518 -0.000155852 -0.00331034 -0.0177459 -0.00367737 0.00257395 0.0028988 -0.00322057 0.00489029 0.00127086 0.0103345 -0.0212093
internal_weight=1624.33 462.535 434.704 359.858 340.089 74.8459 53.9812 1161.79 1156.25 283.14 873.107 528.15 344.958 56.6444
internal_count=1286073 988953 881064 625512 617108 255552 143626 297120 289128 225167 63961 38520 25441 49638
is_linear=0
shrinkage=0.05


Tree=143
num_leaves=15
num_cat=0
split_feature=2 10 12 5 4 3 5 5 6 6 4 7 4 5
split_gain=10.1997 8.18222 7.9001 6.72319 22.3282 8.45405 4.26065 3.74351 3.19778 2.60847 2.02914 1.57355 0.732923 0.214155
threshold=1.0000000180025095e-35 1.0000000180025095e-35 1.0000000180025095e-35 0.017088796251457039 0.013606071825249909 0.67224703962416654 0.0060484032322606464 0.0068096079487626792 0.32929277784534233 0.39848639899959798 0.013423423423423427 3.4500000000000006 0.75000000000000011 0.0066373340707964615
decision_type=2 2 2 2 2 2 2 2 2 2 2 2 2 2
left_child=6 2 3 4 -2 -5 -1 11 10 -10 -9 -8 -3 -13
right_child=1 12 -4 5 -6 -7 7 8 9 -11 -12 13 -14 -15
leaf_value=-0.036995139718122329 0.0018668014421070044 -0.036873674391920269 -0.038058228831737928 -0.040170582076648288 -0.022732694536422824 0.0063140470989163852 -0.0060509819729933911 -0.0080429306319471528 0.0075503233089626275 -0.016181984986498837 -0.030000656521756836 -0.0011845565477947581 0.0032580832016344862 0.033493488033767976
leaf_weight=13.556765926332188 754.26386141714988 10.3248942512414 7.561470385011261 5.0089456792238698 100.01517194262601 631.77849693333519 2.0744875630645359 25.005031997054289 26.198794555807126 13.451126145982526 22.903935397266821 0.12047532783049097 0.400107784575085 2.5752832266248333
leaf_count=450785 424992 77216 32095 1181 80284 42479 28758 77877 20474 14892 32666 1976 13 385
internal_value=1.60862e-09 0.00107184 0.0014436 0.00177044 -0.00112872 0.00563829 -0.0146379 -0.00962333 -0.0123325 -0.00141131 -0.0203834 0.0209667 -0.0348166 0.032181
internal_weight=1615.24 1509.35 1498.63 1491.07 854.279 636.787 105.886 92.3291 87.5589 39.6499 47.909 4.77025 10.725 2.69576
internal_count=1286073 658260 581031 548936 505276 43660 627813 177028 145909 35366 110543 31119 77229 2361
is_linear=0
shrinkage=0.05


Tree=144
num_leaves=15
num_cat=0
split_feature=9 9 9 9 9 9 5 5 9 9 6 4 4 5
split_gain=10.2471 20.8426 7.9512 6.96493 9.21177 9.12545 5.5498 5.39074 5.65311 25.9202 13.7922 3.52474 16.2364 3.18971
threshold=0.85860931501109905 0.83999327877942653 0.83944694082572735 0.82024390243902456 0.83914845405209448 0.81964459054494021 0.0032657755454108045 0.0032812023157147508 0.85990022851699732 0.87826463391680798 0.34747880488492794 0.003913909313725491 0.0075472772841193901 0.0068096079487626792
decision_type=2 2 2 2 2 2 2 2 2 2 2 2 2 2
left_child=1 2 3 5 -5 -1 -2 -8 10 -10 -9 13 -13 -4
right_child=6 -3 11 4 -6 -7 7 8 9 -11 -12 12 -14 -15
leaf_value=-0.010114186553577873 -0.021166907025889199 -0.04576749036579935 -0.014481844428227067 -0.043915374513962463 -0.00047877031216669386 0.0095238205813433577 0.042005535920576778 0.01902917181255917 -0.034929012900211859 0.0031510049131474784 -0.024944921900270985 -0.040642536240095214 0.01217695887677408 0.025808678317314527
leaf_weight=190.05528490870137 19.325071197588386 26.243625941587197 2.47991291625664 22.66944272036028 22.039965151290005 80.372320707379401 3.8113449118720828 109.06527860749634 41.853894212567866 964.58575782112393 16.680973199143409 13.091999526557172 69.469392885526304 27.97305378859437
leaf_count=710052 76378 107889 6962 140690 4079 14584 1121 13311 61654 143712 944 1803 1579 1315
internal_value=1.51886e-09 -0.00632045 -0.00340214 -0.00745873 -0.0247048 -0.00421074 0.0025024 0.00299604 0.00268061 0.00140256 0.0124649 0.00774629 0.00195869 0.020948
internal_weight=1609.72 454.395 428.151 315.137 44.7094 270.428 1155.32 1136 1132.19 1006.44 125.746 113.014 82.5614 30.453
internal_count=1286073 988953 881064 869405 144769 724636 297120 220742 219621 205366 14255 11659 3382 8277
is_linear=0
shrinkage=0.05


Tree=145
num_leaves=15
num_cat=0
split_feature=9 9 5 4 5 6 6 6 7 2 9 9 6 9
split_gain=10.8418 19.181 7.08815 9.12747 16.6864 6.87103 5.47302 17.8898 11.4026 9.63996 9.25367 26.2547 8.67207 8.2709
threshold=0.85860931501109905 0.83999327877942653 0.0067568252559128484 0.010050505050505053 0.021638653831555329 0.36370576363379298 0.41443715578777768 0.35653702356949896 2.9000000000000004 1.0000000180025095e-35 0.85990022851699732 0.87826463391680798 0.47057891539517499 0.87952835421877029
decision_type=2 2 2 2 2 2 2 2 2 2 2 2 2 2
left_child=1 2 -1 5 -5 -4 7 10 9 -9 -2 -12 13 -8
right_child=6 -3 3 4 -6 -7 12 8 -10 -11 11 -13 -14 -15
leaf_value=-0.026361658720496502 0.016471051003331096 -0.045245616710206486 0.0096755215589731779 -0.021765393013444063 0.004237023351067344 -0.03256899947994718 -0.014600673786961013 0.0091648739248950169 0.018357292085429491 -0.039647737350149238 -0.038316955311694607 0.0033122045607553636 -0.0041437072358027922 0.030996115712985984
leaf_weight=27.15143159734248 111.22110494620017 24.944290097644739 152.65502762644275 111.06984872794499 128.84403526916572 5.4146413770217228 8.8362464622036878 10.482062288512905 10.98957433532223 47.56969657141417 34.679680091395539 830.55136326001923 42.782920989516469 55.100899665100997
leaf_count=558034 19030 107889 119349 152617 17663 33401 1212 3779 842 5783 76498 186450 1692 1834
internal_value=1.43684e-09 -0.00653824 -0.00376759 -0.00191821 -0.00799957 0.00727419 0.00257119 0.00143984 -0.0222694 -0.0308061 0.00322114 0.00143308 0.0130941 0.0240926
internal_weight=1602.29 450.079 425.135 397.984 239.914 158.07 1152.21 1045.49 69.0413 58.0518 976.452 865.231 106.72 63.9371
internal_count=1286073 988953 881064 323030 170280 152750 297120 292382 10404 9562 281978 262948 4738 3046
is_linear=0
shrinkage=0.05


Tree=146
num_leaves=15
num_cat=0
split_feature=2 10 12 1 9 5 5 6 4 4 7 7 4 5
split_gain=9.90025 7.73684 7.66906 6.29943 6.09092 3.93014 3.50946 2.71221 2.1499 1.4376 1.41216 1.37137 0.692569 0.198846
threshold=1.0000000180025095e-35 1.0000000180025095e-35 1.0000000180025095e-35 1.0000000180025095e-35 0.8787180979442325 0.0060484032322606464 0.0068096079487626792 0.29317468365012278 0.022474747474747477 0.0033389074693422525 3.4500000000000006 4.2916666666666679 0.75000000000000011 0.0066373340707964615
decision_type=2 2 2 2 2 2 2 2 2 2 2 2 2 2
left_child=5 2 3 4 -2 -1 10 9 -9 -8 -7 -5 -3 -12
right_child=1 12 -4 11 -6 6 7 8 -10 -11 13 -13 -14 -15
leaf_value=-0.036537446099218898 -0.002031476569887801 -0.036392033305138988 -0.037823922495052453 -0.037205850016810871 0.0045814637459326698 -0.005801111833115896 0.00069261664777696354 0.0066099662460435546 -0.012844277415045784 -0.0252493832699376 -0.0011800177583791271 0.0053124892313580908 0.0031362873406846903 0.031640860601981131
leaf_weight=12.916227764119752 561.33081158096275 9.8801903004625693 7.356778276098793 7.5223460526651689 902.27930520673908 2.0513237376260625 5.9373890774862152 22.902083408003904 24.627607646438378 31.89592011048029 0.11997418771795798 0.89777814908302378 0.38633178942836899 2.6514912191628355
leaf_count=450785 476055 77216 32095 21609 50779 28758 25168 37806 9995 72940 1976 493 13 385
internal_value=-6.68007e-11 0.00105683 0.00141757 0.00174107 0.00204696 -0.0146121 -0.00971768 -0.012396 -0.00373338 -0.0215726 0.0198673 -0.0323822 -0.0343646 0.030375
internal_weight=1592.76 1489.65 1479.39 1472.03 1463.61 103.102 90.1858 85.363 47.5297 37.8333 4.82279 8.42012 10.2665 2.77147
internal_count=1286073 658260 581031 548936 526834 627813 177028 145909 47801 98108 31119 22102 77229 2361
is_linear=0
shrinkage=0.05


Tree=147
num_leaves=15
num_cat=0
split_feature=2 12 10 9 9 9 5 5 6 6 4 7 4 5
split_gain=9.45727 7.31625 7.28326 6.19907 6.29212 4.0836 3.77375 3.34489 2.54973 2.62305 1.77187 1.38104 0.643212 0.196288
threshold=1.0000000180025095e-35 1.0000000180025095e-35 1.0000000180025095e-35 0.76001625817989693 0.76075375501719289 0.67542815674891155 0.0060484032322606464 0.0068096079487626792 0.32929277784534233 0.39848639899959798 0.013423423423423427 3.4500000000000006 0.75000000000000011 0.0066373340707964615
decision_type=2 2 2 2 2 2 2 2 2 2 2 2 2 2
left_child=6 2 3 5 -5 -2 -1 11 10 -10 -9 -8 -4 -13
right_child=1 -3 12 4 -6 -7 7 8 9 -11 -12 13 -14 -15
leaf_value=-0.036154707067194362 0.01276513877374238 -0.037469193167407065 -0.035598392205907915 0.029063396960947591 0.0017402540412241284 -0.029045093421073948 -0.0058508394571231415 -0.0077812058222865429 0.0070092232081703579 -0.016992497970444498 -0.028791484318023749 -0.0011891056685105984 0.0030013744297664583 0.031116556650482852
leaf_weight=12.468104752300901 4.4313219307709373 7.2453138367734473 9.3939421720071969 16.416574826420401 1428.7398408890233 20.694125683901177 2.0433438746806152 24.293901104476959 25.469104192551242 13.269812364962602 21.735614467287689 0.12091009013909149 0.37102469224191814 2.6141277087308481
leaf_count=450785 4685 33438 75873 1530 485003 57718 28758 77877 20474 14892 32666 1976 13 385
internal_value=-8.7769e-10 0.00102963 0.00134362 0.00168891 0.00214977 -0.0207763 -0.0143579 -0.00957154 -0.0121934 -0.00221508 -0.0195514 0.0193924 -0.033612 0.0298429
internal_weight=1589.31 1487.29 1480.05 1470.28 1445.16 25.1254 102.015 89.5468 84.7684 38.7389 46.0295 4.77838 9.76497 2.73504
internal_count=1286073 658260 624822 548936 486533 62403 627813 177028 145909 35366 110543 31119 75886 2361
is_linear=0
shrinkage=0.05


Tree=148
num_leaves=15
num_cat=0
split_feature=9 9 9 9 9 5 4 6 3 5 8 8 6 6
split_gain=9.64626 14.9261 23.4919 11.0501 12.1078 7.38398 19.2282 6.71792 5.90079 4.08135 3.37385 2.99229 1.68869 1.10975
threshold=0.78000614968329141 0.78079527892076073 0.79909090909090918 0.76149954325065006 0.76001625817989693 0.021638653831555329 0.013606071825249909 0.19681254451542421 0.77330802140271804 0.027263427818526507 1.0000000180025095e-35 0.32465832358271379 0.29860881668514794 0.35653702356949896
decision_type=2 2 2 2 2 2 2 2 2 2 2 2 2 2
left_child=3 11 -3 4 9 6 -4 10 -7 -1 -6 13 -11 -2
right_child=1 2 5 -5 7 8 -8 -9 -10 12 -12 -13 -14 -15
leaf_value=-0.032717265589738795 0.045362867233769311 -0.046022656938911201 0.0023573305255929987 -0.045365311060474756 0.038508386006197638 -0.028482520516572525 -0.013956998556391813 -0.019419347097661941 0.0078078375782462059 0.018211775459580078 -0.013027690600590742 -0.011004782243737158 -0.015169633002711444 -0.0031812794910599761
leaf_weight=21.828175213198453 18.261109604283156 21.964410515204463 852.09105052188193 19.175201733629422 16.975233432286537 6.7138804718288148 223.86455336936433 4.5993477666259528 390.80295226147314 4.8972267573699346 1.2367637290850542 0.84029416514584809 1.5568185702941262 0.57784281276212723
leaf_count=135044 6690 130315 765611 111926 3858 1412 108616 2546 16163 82 1856 1032 240 682
internal_value=-9.52367e-10 0.000865138 0.00022789 -0.0174722 -0.00389342 0.00107064 -0.00108591 0.0208033 0.00684872 -0.0239456 0.0329562 0.0394329 0.00705266 0.0435189
internal_weight=1585.38 1515.12 1495.44 70.2688 51.0936 1473.47 1075.96 22.8113 397.517 28.2822 18.212 19.6792 6.45405 18.839
internal_count=1286073 1030521 1022117 255552 143626 891802 874227 8260 17575 135366 5714 8404 322 7372
is_linear=0
shrinkage=0.05


Tree=149
num_leaves=15
num_cat=0
split_feature=9 9 9 9 9 5 6 6 9 5 8 8 6 6
split_gain=9.18676 14.545 21.8941 10.1033 11.061 7.30995 7.21344 6.53875 3.70256 3.52085 3.25958 2.0887 1.45888 1.07938
threshold=0.78000614968329141 0.78079527892076073 0.79909090909090918 0.76149954325065006 0.76001625817989693 0.0073418221389305446 0.17251639022429113 0.19681254451542421 0.95723369742669007 0.027263427818526507 1.0000000180025095e-35 0.32465832358271379 0.29860881668514794 0.35653702356949896
decision_type=2 2 2 2 2 2 2 2 2 2 2 2 2 2
left_child=3 11 -3 4 9 8 -7 10 -4 -1 -6 13 -11 -2
right_child=1 2 5 -5 7 6 -8 -9 -10 12 -12 -13 -14 -15
leaf_value=-0.031802010201960648 0.043822450879323863 -0.04536107789182281 -0.0099269699089126438 -0.044589310109349058 0.037621424990275189 0.0071058405940254907 -0.00059367593225649509 -0.019609718048466441 0.013228970059364098 0.016532524183752947 -0.012954302068676999 -0.008173319095928255 -0.014541584694443631 -0.0032634892146236813
leaf_weight=21.13520156686474 18.347411305599969 20.909124902460235 180.26297378853383 18.249692087749565 16.426042158876506 491.38250917205903 783.89877806213815 4.6108431078272352 14.728117795404385 4.7646514885127536 1.2308679152561115 0.6677993895501676 1.5030728760684722 0.58424874922536574
leaf_count=135044 6690 130315 608056 111926 3858 92777 188553 2546 2416 82 1856 1032 240 682
internal_value=-6.26709e-10 0.000833942 0.000204174 -0.017335 -0.00415921 0.00100371 0.00238921 0.0196898 -0.00789094 -0.0235868 0.032015 0.038968 0.00593459 0.0419911
internal_weight=1578.7 1510.78 1491.18 67.9204 49.6707 1470.27 1275.28 22.2678 194.991 27.4029 17.6569 19.5995 6.26772 18.9317
internal_count=1286073 1030521 1022117 255552 143626 891802 281330 8260 610472 135366 5714 8404 322 7372
is_linear=0
shrinkage=0.05


Tree=150
num_leaves=15
num_cat=0
split_feature=2 5 4 4 6 0 8 4 0 4 9 9 4 5
split_gain=8.62329 6.80066 17.4109 10.087 8.1395 12.281 9.81228 7.26322 7.3147 7.0238 4.7959 6.65219 4.54816 3.59657
threshold=1.0000000180025095e-35 0.017088796251457039 0.013606071825249909 0.012121657361151927 0.22344846671144483 1.5000000000000002 0.23271335681323799 0.012422839506172841 1.0000000180025095e-35 0.060661764705882359 0.89912338335984521 0.91994293951976236 0.011299795709908071 0.0060484032322606464
decision_type=2 2 2 2 2 2 2 2 2 2 2 2 2 2
left_child=13 2 4 10 5 -2 -6 -5 -9 -4 12 -12 -3 -1
right_child=1 3 9 7 6 -7 -8 8 -10 -11 11 -13 -14 -15
leaf_value=-0.035573809996773446 0.0063553180053367159 0.013396472339169886 -0.027253883013404132 -0.042252663347679471 -0.015599618997161209 -0.020566952507105152 0.0053920047929153208 -0.0070454030728724151 0.0063365424012711393 0.0065379209861714709 -0.017696552706020559 0.027655122436217917 0.042219787741038357 -0.0091905543418579899
leaf_weight=11.809069191469431 486.62342873627233 38.833857315798923 79.79421976427227 4.0280643028327168 133.33706246790169 41.488686725911066 89.79019659975117 131.73229942517241 402.28303492968053 16.707966231890396 15.107903627400448 8.5262060465738596 24.806945674178678 87.948605763898314
leaf_count=450785 286613 3194 84214 376 144531 37062 40508 19096 32210 8948 490 189 829 177028
internal_value=1.90223e-10 0.000982512 -0.00193218 0.00491793 0.000689459 0.00406724 -0.0072192 0.00227601 0.00300072 -0.0213695 0.0201993 0.000636594 0.0268887 -0.0138626
internal_weight=1572.82 1473.06 847.742 625.318 751.239 528.112 223.127 538.043 534.015 96.5022 87.2749 23.6341 63.6408 99.7577
internal_count=1286073 658260 601876 56384 508714 323675 185039 51682 51306 93162 4702 679 4023 627813
is_linear=0
shrinkage=0.05


Tree=151
num_leaves=15
num_cat=0
split_feature=5 12 9 9 9 9 9 9 9 9 8 9 9 5
split_gain=8.48242 7.97754 7.16281 20.9226 12.8168 8.57571 7.86646 33.1074 7.5942 3.25726 4.37434 2.96944 8.66927 3.23186
threshold=0.0057803492016298913 1.0000000180025095e-35 0.89832354935376557 0.88029508833236281 0.8979068407205465 0.8787180979442325 0.89993270944637238 0.91742625495946184 0.89967435884828373 0.91923903940184737 0.20181258638478963 0.88029508833236281 0.87912638030957113 0.0032812023157147508
decision_type=2 2 2 2 2 2 2 2 2 2 2 2 2 2
left_child=9 2 3 5 -5 -2 8 -8 -4 11 -11 12 -1 -14
right_child=1 -3 6 4 -6 -7 7 -9 -10 10 -12 -13 13 -15
leaf_value=-0.023013172106025871 -0.0026941505240639287 -0.038813764234338334 0.006425627781725925 -0.050522523917217378 -0.00069805710046961329 0.009412954943685747 -0.043479015801004807 0.0054496082437692278 0.02658581366966381 -0.0162925812979056 0.020892327488544814 -0.031352358146949755 0.033697146496981197 -0.0051714987108783857
leaf_weight=33.067101957091154 582.42324482173115 7.5086510632008858 158.02274908935351 29.057270615425182 21.012650945006953 189.75842988017416 32.910126280233044 388.13566725799251 64.362460215677856 10.996935352715527 10.719778736083525 25.753001997849594 7.5813951130313324 7.2922523546344848
leaf_count=615812 463192 30377 5683 20136 1333 8320 11055 15539 1512 19767 9364 68387 7277 8319
internal_value=-2.00331e-09 0.00095525 0.00129025 -0.00179894 -0.0315747 0.000322506 0.00522141 0.00115983 0.0127167 -0.0140627 0.00253742 -0.018805 -0.00974027 0.018134
internal_weight=1568.6 1473.19 1465.68 822.252 50.0699 772.182 643.431 421.046 222.385 95.4105 21.7167 73.6938 47.9407 14.8736
internal_count=1286073 557147 526770 492981 21469 471512 33789 26594 7195 728926 29131 699795 631408 15596
is_linear=0
shrinkage=0.05


Tree=152
num_leaves=15
num_cat=0
split_feature=2 5 4 4 6 0 6 0 4 5 4 9 5 5
split_gain=8.26515 6.68474 15.873 9.31824 8.02947 11.21 9.39191 6.73133 9.69908 6.93323 5.86814 3.32225 3.31219 3.14476
threshold=1.0000000180025095e-35 0.017088796251457039 0.013606071825249909 0.012121657361151927 0.22344846671144483 1.5000000000000002 0.24976804515983117 1.0000000180025095e-35 0.04083333333333334 0.020994551425103421 0.060661764705882359 0.93697896052090379 0.0060484032322606464 0.0068096079487626792
decision_type=2 2 2 2 2 2 2 2 2 2 2 2 2 2
left_child=12 2 4 -3 5 -2 -6 8 -5 -9 11 -4 -1 -14
right_child=1 3 10 7 6 -7 -8 9 -10 -11 -12 -13 13 -15
leaf_value=-0.03499190939721513 0.006090262159095472 0.019649359341433727 -0.029056999299551176 0.0056711693288091069 -0.035723107142453144 -0.019832319696327906 -0.0035779028625484198 -0.0068769490266516412 -0.020704723409573775 0.0089019288662022227 0.0051821940909026363 0.0050771782540828606 0.019033873790233621 -0.011780217896260445
leaf_weight=11.195621646475614 485.43013584679534 86.335498838848707 71.662829466774156 67.955214682606766 20.863118080568455 40.716306314803319 200.87860265615942 84.783675229152095 63.115361821568968 317.37435641895445 16.434825257900684 6.3593436360060869 4.6642718562159748 82.306331920244077
leaf_count=450785 286613 4702 83905 7433 21521 37062 163518 16417 11745 16087 8948 309 31119 145909
internal_value=5.62694e-10 0.000962061 -0.00193448 0.0048841 0.000557404 0.00391641 -0.00732342 0.00233311 -0.00732391 0.0055318 -0.0207008 -0.0261366 -0.0136794 -0.00918271
internal_weight=1560.08 1461.91 842.345 619.564 747.888 526.146 221.742 533.229 131.071 402.158 94.457 78.0222 98.1662 86.9706
internal_count=1286073 658260 601876 56384 508714 323675 185039 51682 19178 32504 93162 84214 627813 177028
is_linear=0
shrinkage=0.05


Tree=153
num_leaves=13
num_cat=0
split_feature=12 9 9 9 9 9 5 6 5 8 6 2
split_gain=7.9281 7.67418 13.3012 19.5444 9.83251 10.4232 7.14005 6.06687 3.49645 2.34733 1.21806 0.682904
threshold=1.0000000180025095e-35 0.78000614968329141 0.78079527892076073 0.79909090909090918 0.76149954325065006 0.76001625817989693 0.0073418221389305446 0.19681254451542421 0.027263427818526507 0.20037419562075157 0.29490664099773967 1.0000000180025095e-35
decision_type=2 2 2 2 2 2 2 2 2 2 2 2
left_child=1 4 9 -4 5 8 -5 -7 -1 11 -11 -3
right_child=-2 2 3 6 -6 7 -8 -9 -10 10 -12 -13
leaf_value=-0.030584675597659816 -0.039119397966066088 -0.0026371709560960642 -0.04421261127958781 -0.0076589208876816839 -0.043719605532187039 0.032963275347590519 0.0025744331828070847 -0.018073054785415099 0.0070533189366102436 -0.017204931938596714 0.014445306637358844 0.043361530281398081
leaf_weight=19.970781259762024 7.8456304052360784 0.26334815073716455 19.090553034473032 192.17244837266321 16.869710189491286 16.541181576703824 1256.5612303790469 4.3597416181341364 6.042914337682304 1.4639113119744132 0.87628096388164056 17.397924973609975
leaf_count=134877 35082 3138 129246 603134 111350 5709 255693 2516 222 1942 189 2975
internal_value=-1.00262e-09 0.000322824 0.00107419 0.000456654 -0.0160074 -0.00279161 0.00119532 0.0208838 -0.0221139 0.0372379 -0.00358662 0.0422451
internal_weight=1559.46 1551.61 1487.83 1467.82 63.7843 46.9146 1448.73 20.9009 26.0137 20.0015 2.34019 17.6613
internal_count=1286073 1250991 996317 988073 254674 143324 858827 8225 135099 8244 2131 6113
is_linear=0
shrinkage=0.05


Tree=154
num_leaves=15
num_cat=0
split_feature=2 10 12 1 5 5 5 6 6 5 7 9 4 3
split_gain=7.77718 6.4479 6.16141 5.61187 5.70515 3.11451 4.20182 2.33462 4.08061 2.00258 1.14943 0.63414 0.579599 0.191861
threshold=1.0000000180025095e-35 1.0000000180025095e-35 1.0000000180025095e-35 1.0000000180025095e-35 0.017088796251457039 0.0065791959589129641 0.0068096079487626792 0.34863852597253653 0.3556394829435548 0.025413031140609298 4.2916666666666679 0.85935616962374439 0.75000000000000011 0.63360781563311253
decision_type=2 2 2 2 2 2 2 2 2 2 2 2 2 2
left_child=5 2 3 4 -2 -1 11 9 -9 -8 -5 -7 -3 -13
right_child=1 12 -4 10 -6 6 7 8 -10 -11 -12 13 -14 -15
leaf_value=-0.033227068628557635 -0.00088039970179036326 -0.034634167260282095 -0.035462473366082721 -0.035914106050754784 0.0054805087857266689 -0.0039038889689876864 -0.021356176501620281 0.025601348259613417 -0.009999725218040682 0.0046974784828912302 0.0046167231790251112 -0.0011253742168796351 0.002814387096223718 0.031973989604976674
leaf_weight=12.243692991204282 826.89209805225391 8.7619780765771758 6.3460040869720151 6.9441167878760544 607.95370396521457 0.36321096854152246 43.710961730518989 5.9932634937533207 25.066195563590099 6.8047738569293861 0.82797889366156585 0.11406262567516057 0.34695855909376483 2.5932609788741274
leaf_count=473848 483950 77216 32095 21609 42884 6162 116531 2277 26776 325 493 1441 13 453
internal_value=-5.14845e-10 0.000930166 0.00125346 0.0015369 0.00182443 -0.0133567 -0.00878954 -0.0115973 -0.000532768 -0.0177396 -0.0314793 0.0267757 -0.0327159 0.0307541
internal_weight=1554.96 1458.07 1448.96 1442.62 1434.85 96.8894 84.6457 81.5752 31.0595 50.5157 7.7721 3.07053 9.10894 2.70732
internal_count=1286073 658260 581031 548936 526834 627813 153965 145909 29053 116856 22102 8056 77229 1894
is_linear=0
shrinkage=0.05


Tree=155
num_leaves=15
num_cat=0
split_feature=12 5 5 7 0 9 9 9 5 6 9 5 5 5
split_gain=7.51117 7.22024 7.54111 7.54006 6.48205 5.37108 1.17462 0.877283 0.851273 0.660601 0.574064 0.35365 0.250591 0.151849
threshold=1.0000000180025095e-35 0.0032657755454108045 0.0032812023157147508 1.0000000180025095e-35 1.0000000180025095e-35 0.89941970054763509 0.93697896052090379 0.88029508833236281 0.0025876018301528854 0.29317468365012278 0.87912638030957113 0.0028971518101952886 0.002485329947496655 0.0031256050871325478
decision_type=2 2 2 2 2 2 2 2 2 2 2 2 2 2
left_child=1 6 7 4 -4 -5 9 10 12 11 -3 -1 -8 -11
right_child=-2 2 3 5 -6 -7 8 -9 -10 13 -12 -13 -14 -15
leaf_value=-0.014635192830036843 -0.038701837941460281 -0.0020702481960697991 -0.036281631771738231 -0.0010745631862824846 -0.0035430078197144135 0.0051980953675162134 -0.0029740519020996004 -0.0033570916981913094 -0.011719227928742601 -0.0040932317853410094 0.049540678509044991 -0.037721290139277032 0.01802240303104884 0.0086323686919864331
leaf_weight=15.131325607863198 7.4369168127618641 0.15931526327915335 19.720450569676558 913.94089816524297 42.1530509622892 538.39179866958671 0.24633051215724266 0.24113351783023507 0.83231414200818665 0.33938716368351052 4.3570196324924382 7.7941357923021561 1.1975859457579643 0.12326565153725255
leaf_count=192434 35082 4259 287603 370807 229641 44701 1601 495 3229 15787 160 96521 428 3325
internal_value=1.08811e-09 0.000310612 0.00079297 0.000508937 -0.0159101 0.00126062 -0.0237124 0.0446096 0.00381273 -0.0265909 0.0475889 -0.0278326 0.0149121 0.00409518
internal_weight=1552.06 1544.63 1518.96 1514.21 61.8735 1452.33 25.6643 4.75747 2.27623 23.3881 4.51633 22.9255 1.44392 0.462653
internal_count=1286073 1250991 937666 932752 517244 415508 313325 4914 5258 308067 4419 288955 2029 19112
is_linear=0
shrinkage=0.05


Tree=156
num_leaves=15
num_cat=0
split_feature=9 9 9 9 9 5 4 4 8 6 5 8 6 6
split_gain=7.26818 14.0376 18.4068 9.1886 9.22322 6.1045 18.518 6.5336 5.3477 3.31813 3.30975 2.64401 1.4659 1.25189
threshold=0.78000614968329141 0.78079527892076073 0.79909090909090918 0.76149954325065006 0.76001625817989693 0.018136242039617761 0.013606071825249909 0.031754032258064523 1.0000000180025095e-35 0.19681254451542421 0.027263427818526507 0.20037419562075157 0.29860881668514794 0.29490664099773967
decision_type=2 2 2 2 2 2 2 2 2 2 2 2 2 2
left_child=3 11 -3 4 10 6 -4 -7 9 -6 -1 -2 -12 -13
right_child=1 2 5 -5 8 7 -8 -9 -10 -11 12 13 -14 -15
leaf_value=-0.030005451330758489 0.043099184438705307 -0.043843075444005217 0.00094217389089431593 -0.043335696753394874 0.036568173727771068 0.011183344676075466 -0.020790191609708193 0.00030572172387356581 -0.022487220518894138 -0.0087749820049994025 0.017205747521796513 -0.017936578123472227 -0.014182676228539429 0.014238291991190628
leaf_weight=19.241061780559296 17.787980133798047 18.46438179216284 777.47774213162302 16.221573607469836 15.013011557527937 231.95095015747029 107.10270180386385 331.42080937490084 2.53061996733362 2.957378388329686 4.652837256435304 1.4796297766836795 1.4753672531587652 0.87018720855235177
leaf_count=135044 6250 130315 761878 111926 3858 12964 91545 25415 2717 1685 82 1959 240 195
internal_value=1.14666e-09 0.000724144 8.87567e-05 -0.0160988 -0.00315404 0.000797926 -0.00179119 0.00484323 0.0193197 0.0288203 -0.0215059 0.0377719 0.0066719 -0.00444106
internal_weight=1548.65 1486.55 1466.42 62.0918 45.8703 1447.95 884.58 563.372 20.501 17.9704 25.3693 20.1378 6.1282 2.34982
internal_count=1286073 1030521 1022117 255552 143626 891802 853423 38379 8260 5543 135366 8404 322 2154
is_linear=0
shrinkage=0.05


Tree=157
num_leaves=15
num_cat=0
split_feature=2 10 12 1 5 5 5 6 6 5 7 7 4 5
split_gain=7.29777 6.01726 5.85481 5.09739 4.97761 2.87545 3.22366 2.37498 3.71087 1.90501 1.28605 1.00688 0.536689 0.187958
threshold=1.0000000180025095e-35 1.0000000180025095e-35 1.0000000180025095e-35 1.0000000180025095e-35 0.024317746240414963 0.0060484032322606464 0.0068096079487626792 0.34863852597253653 0.3556394829435548 0.025413031140609298 3.4500000000000006 4.2916666666666679 0.75000000000000011 0.0066373340707964615
decision_type=2 2 2 2 2 2 2 2 2 2 2 2 2 2
left_child=5 2 3 4 -2 -1 10 9 -9 -8 -7 -5 -3 -12
right_child=1 12 -4 11 -6 6 7 8 -10 -11 13 -13 -14 -15
leaf_value=-0.033765695757565828 0.00030250859006693937 -0.03397888959358826 -0.035109154354638371 -0.034678738709847466 0.0077449235294556789 -0.0054189188004594036 -0.021263132506430606 0.024716923136647213 -0.0094260224803704388 0.0044087766805630466 -0.0011464363455213923 0.0041591503422671828 0.0026887973418320433 0.030964762580979688
leaf_weight=10.051852688436979 1154.9157899105726 8.3485086801388171 6.02160919239327 6.57590585196749 274.05647264222807 1.9561313961978886 43.425717119466896 5.8706688730117689 24.708786398498063 6.6904676092162836 0.11646673698112442 0.79919675713790628 0.32666809517832085 2.5134178041458881
leaf_count=450785 520271 77216 32095 21609 6563 28758 116531 2277 26776 325 1976 493 13 385
internal_value=-3.71903e-10 0.000898759 0.00120762 0.00148114 0.00175189 -0.0130428 -0.00886556 -0.0115465 -0.000318898 -0.0177469 0.0197257 -0.0304901 -0.0321199 0.0297233
internal_weight=1546.38 1451.04 1442.37 1436.35 1428.97 95.3335 85.2817 80.6956 30.5795 50.1162 4.58602 7.3751 8.67518 2.62988
internal_count=1286073 658260 581031 548936 526834 627813 177028 145909 29053 116856 31119 22102 77229 2361
is_linear=0
shrinkage=0.05


Tree=158
num_leaves=15
num_cat=0
split_feature=9 9 9 9 9 7 4 6 9 5 4 6 7 6
split_gain=6.93744 18.0409 5.88471 6.85293 8.32549 6.84113 9.5338 8.20797 5.42912 5.01634 9.5434 6.96474 10.3201 16.6636
threshold=0.85860931501109905 0.83999327877942653 0.83944694082572735 0.8199828281039524 0.81964459054494021 0.90000000000000013 0.0089687902187902211 1.0000000180025095e-35 0.83914845405209448 0.0089890245116538616 0.0043196745782952692 0.17251639022429113 2.0833333333333335 0.41443715578777768
decision_type=2 2 2 2 2 2 2 2 2 2 2 2 2 2
left_child=1 2 3 4 -1 6 -4 -7 -5 10 -2 -11 13 -13
right_child=9 -3 5 8 -6 7 -8 -9 -10 11 -12 12 -14 -15
leaf_value=-0.0081992754442984164 0.00099115744808418033 -0.044423097874136827 -0.0061927534312584366 -0.032339235094934367 0.012583964777251039 0.013099643508828999 0.040185223043487511 -0.018936196620029287 -0.00055687025262458033 0.010232545616080243 -0.021554527141648107 -0.014563028861537652 0.0065901242475132852 0.014202635274168674
leaf_weight=168.29852973096331 220.64456141912086 22.786421325923868 16.405445374447197 34.527892762181011 61.8769613931035 36.314246138748217 22.958142017719183 33.860086760136255 20.626071473905427 285.27563073636588 54.485162132774406 182.00186852585762 319.05598286682971 64.423880134195088
leaf_count=710052 179270 107889 2692 147445 7829 7417 574 976 4079 22823 52005 20613 19612 2797
internal_value=5.76041e-12 -0.00546544 -0.00268997 -0.00644756 -0.00246346 0.00695215 0.0223369 -0.00258945 -0.0214877 0.00204264 -0.0037787 0.0039363 0.000698108 -0.00690984
internal_weight=1543.54 417.654 394.867 285.329 230.175 109.538 39.3636 70.1743 55.154 1125.89 275.13 850.757 565.482 246.426
internal_count=1286073 988953 881064 869405 717881 11659 3266 8393 151524 297120 231275 65845 43022 23410
is_linear=0
shrinkage=0.05


Tree=159
num_leaves=15
num_cat=0
split_feature=2 10 12 1 5 5 5 6 6 5 7 9 4 3
split_gain=7.051 5.75111 5.27537 4.59276 4.62972 2.7365 4.42928 2.20829 3.51435 1.81555 0.935834 0.643222 0.493922 0.198722
threshold=1.0000000180025095e-35 1.0000000180025095e-35 1.0000000180025095e-35 1.0000000180025095e-35 0.015933461145348875 0.0065791959589129641 0.0068096079487626792 0.34863852597253653 0.3556394829435548 0.025413031140609298 4.2916666666666679 0.85935616962374439 0.75000000000000011 0.63360781563311253
decision_type=2 2 2 2 2 2 2 2 2 2 2 2 2 2
left_child=5 2 3 4 -2 -1 11 9 -9 -8 -5 -7 -3 -13
right_child=1 12 -4 10 -6 6 7 8 -10 -11 -12 13 -14 -15
leaf_value=-0.032217421277547856 -0.0010210792505293597 -0.03354185916125417 -0.033708384403197324 -0.033532838345126791 0.0046734097697973013 -0.0038603629873500724 -0.021112492369908375 0.023813797214890242 -0.0095226626890848893 0.0040307163890548302 0.0040387292824945031 -0.001133865193865325 0.0025255437387377592 0.032687927141447734
leaf_weight=11.223974028801818 746.3073690922181 8.0601898847014546 5.7613525893066244 6.2103533852098272 676.57646033547007 0.35497641527106738 42.605065985485822 5.8098100050100383 24.451583534707311 6.7557361676153951 0.78626933032319346 0.11488837224067117 0.305687178566587 2.6998435479265481
leaf_count=473848 472462 77216 32095 21609 54372 6162 116531 2277 26776 325 493 1441 13 453
internal_value=-1.32063e-09 0.00088211 0.00118201 0.00143956 0.00169351 -0.0129089 -0.00860549 -0.0115893 -0.00065326 -0.0176171 -0.0293871 0.0275677 -0.0317722 0.0314652
internal_weight=1538.02 1444.01 1435.64 1429.88 1422.88 94.0159 82.7919 79.6222 30.2614 49.3608 6.99662 3.16971 8.36588 2.81473
internal_count=1286073 658260 581031 548936 526834 627813 153965 145909 29053 116856 22102 8056 77229 1894
is_linear=0
shrinkage=0.05


Tree=160
num_leaves=15
num_cat=0
split_feature=2 10 12 5 6 7 5 5 6 6 5 7 4 5
split_gain=6.67318 5.62815 4.90163 4.51931 9.29125 8.38577 2.75441 3.75162 2.16013 3.46218 1.72761 1.33443 0.470616 0.210088
threshold=1.0000000180025095e-35 1.0000000180025095e-35 1.0000000180025095e-35 0.0080001306165099293 0.17251639022429113 2.6333333333333337 0.0060484032322606464 0.0068096079487626792 0.34863852597253653 0.35156340083332477 0.025413031140609298 3.4500000000000006 0.75000000000000011 0.0066373340707964615
decision_type=2 2 2 2 2 2 2 2 2 2 2 2 2 2
left_child=6 2 3 5 -5 -2 -1 11 10 -10 -9 -8 -3 -13
right_child=1 12 -4 4 -6 -7 7 8 9 -11 -12 13 -14 -15
leaf_value=-0.033215094308888332 -0.0015082214364174871 -0.033344428776467469 -0.032814373620140058 0.0084386465557893236 -0.0007018723937618818 -0.031142063617321317 -0.0053320552159333082 -0.020992989514291162 0.028233776967408947 -0.0081189793006506954 0.0037248645925758608 -0.001251950660333458 0.0024261700777940421 0.031652406673887752
leaf_weight=9.5416320620336119 217.36706613548961 7.9207266807263732 5.5503581979251058 434.93604569460092 753.51195578086947 21.905858645186186 1.9321113211210121 42.28914070758718 3.2469009951591969 26.866137860830804 6.7062988985853726 0.12373767244281486 0.29464346427994303 3.1757357694446
leaf_count=450785 289997 77216 32095 51098 163188 44653 28758 116531 805 28248 325 1976 13 385
internal_value=-6.00262e-10 0.000859055 0.00115458 0.00140069 0.00266462 -0.00480316 -0.0125667 -0.00850247 -0.0115924 -0.00073703 -0.0175781 0.0210529 -0.031629 0.0304076
internal_weight=1535.37 1441.49 1433.27 1427.72 1188.45 239.273 93.8817 84.3401 79.1085 30.113 48.9954 5.23158 8.21537 3.29947
internal_count=1286073 658260 581031 548936 214286 334650 627813 177028 145909 29053 116856 31119 77229 2361
is_linear=0
shrinkage=0.05


Tree=161
num_leaves=15
num_cat=0
split_feature=2 10 12 5 4 6 5 5 6 6 5 9 4 3
split_gain=6.7271 5.37494 4.53243 4.39351 12.3364 10.3311 2.53752 4.93117 2.2638 3.48161 1.71334 0.65491 0.457267 0.20852
threshold=1.0000000180025095e-35 1.0000000180025095e-35 1.0000000180025095e-35 0.01524769701925738 0.012121657361151927 0.20277776500683273 0.0065791959589129641 0.0068096079487626792 0.34863852597253653 0.35156340083332477 0.025413031140609298 0.85935616962374439 0.75000000000000011 0.63360781563311253
decision_type=2 2 2 2 2 2 2 2 2 2 2 2 2 2
left_child=6 2 3 5 -5 -2 -1 11 10 -10 -9 -8 -3 -13
right_child=1 12 -4 4 -6 -7 7 8 9 -11 -12 13 -14 -15
leaf_value=-0.031630131124644911 0.0023089663959206573 -0.032928456809318461 -0.031858335203543274 0.015889090114016548 0.00050771637707540342 -0.011131847336575105 -0.0038551669733955817 -0.021364942782817458 0.028337275137630142 -0.0081288929410692698 0.0034620759236734834 -0.001175653267586909 0.0023962698353590557 0.033032846488156409
leaf_weight=10.695032278948217 510.88427116196556 7.6629331494734734 5.335428663947595 165.1998116557229 558.39478702462793 192.88281328605001 0.35445262035699387 42.232680133435451 3.2367154789602663 26.920507572167566 6.6550800971090203 0.11771493317598958 0.29147460500826117 3.2577008511862005
leaf_count=473848 296110 77216 32095 9115 54790 188921 6162 116531 805 28248 325 1441 13 453
internal_value=-1.36302e-09 0.000861316 0.00114729 0.00138144 0.00410429 -0.00142733 -0.0126451 -0.0085301 -0.0118371 -0.000741592 -0.0179776 0.0281925 -0.0312088 0.0318502
internal_weight=1534.12 1440.65 1432.7 1427.36 723.595 703.767 93.4699 82.7749 79.045 30.1572 48.8878 3.72987 7.95441 3.37542
internal_count=1286073 658260 581031 548936 63905 485031 627813 153965 145909 29053 116856 8056 77229 1894
is_linear=0
shrinkage=0.05


Tree=162
num_leaves=12
num_cat=0
split_feature=12 9 9 9 9 9 5 8 5 8 6
split_gain=6.60089 6.45825 14.5957 16.8606 8.94055 8.13105 5.32573 5.00361 3.8684 1.72941 0.773995
threshold=1.0000000180025095e-35 0.78000614968329141 0.78079527892076073 0.79909090909090918 0.76149954325065006 0.76001625817989693 0.0080001306165099293 1.0000000180025095e-35 0.027263427818526507 0.32465832358271379 0.35653702356949896
decision_type=2 2 2 2 2 2 2 2 2 2 2
left_child=1 4 9 -4 5 8 -5 -7 -1 10 -3
right_child=-2 2 3 6 -6 7 -8 -9 -10 -11 -12
leaf_value=-0.029332302424932594 -0.037280763115460976 0.042662243204797001 -0.043041867528341854 -0.005584517858559665 -0.042734892283427001 0.028708065557045744 0.0023825025883492108 -0.021617570364263476 0.0095298722158947188 -0.0069045120622131737 -0.0021603254386847255
leaf_weight=18.452875580265211 6.7825875794619597 19.001780797071667 17.093292862521139 250.06902606093536 15.26002241562586 16.980039672967909 1178.288159882426 2.4218323594248536 6.0436729815264689 0.60114034827256446 0.51615290181825813
leaf_count=134877 35082 6639 129246 635158 111350 5537 223669 2688 222 1020 585
internal_value=-2.41686e-10 0.000287151 0.000963703 0.000305983 -0.0152424 -0.00229291 0.000973065 0.0192839 -0.0197542 0.0387506 0.0412781
internal_weight=1531.51 1524.73 1465.57 1445.45 59.1584 43.8984 1428.36 19.4019 24.4965 20.1191 19.5179
internal_count=1286073 1250991 996317 988073 254674 143324 858827 8225 135099 8244 7224
is_linear=0
shrinkage=0.05


Tree=163
num_leaves=15
num_cat=0
split_feature=5 5 5 9 9 5 5 9 9 9 5 6 9 5
split_gain=6.12438 7.33573 6.47687 5.6353 12.4957 6.57862 1.84229 1.34572 1.03155 0.833011 0.733616 0.671146 0.480298 0.401309
threshold=0.0032657755454108045 0.0032812023157147508 0.0039702854975892524 0.89941970054763509 0.89993270944637238 0.021638653831555329 0.0033804135460761974 0.91742625495946184 0.93697896052090379 0.88029508833236281 0.0025876018301528854 0.29317468365012278 0.87912638030957113 0.0028971518101952886
decision_type=2 2 2 2 2 2 2 2 2 2 2 2 2 2
left_child=8 9 6 5 -5 -4 7 -3 11 12 -10 13 -2 -1
right_child=1 2 3 4 -6 -7 -8 -9 10 -11 -12 -13 -14 -15
leaf_value=-0.013518869246320887 -0.0018042248712351857 -0.015632287030766769 -0.0044900932969745488 0.019089375105749717 0.0006513310892109212 0.0047063367554541265 -0.035877893065343031 0.015700288927108303 0.013960235971797845 -0.0033167744029110077 -0.010881026436684199 0.0045453015617307017 0.047667519689021574 -0.036463418240299438
leaf_weight=14.477690935858506 0.1434602425644006 1.5254825503201481 665.39327639263286 111.39569354480227 438.29126819633882 269.31001287719118 10.846698447722629 2.2426411781816 1.3775231518685012 0.23922259399284929 0.79073517253098646 0.42360433404613118 4.5964912481570082 7.4183759932075253
leaf_count=192591 4277 26213 729036 6128 51202 24091 129091 1249 2029 534 3386 19134 160 96952
internal_value=-4.26718e-11 0.000440997 0.000156033 0.000531437 0.00452625 -0.00182944 -0.0283889 0.00133476 -0.0225671 0.0431683 0.00363025 -0.0253107 0.0460126 -0.0266259
internal_weight=1528.47 1503.98 1499.01 1484.39 549.687 934.703 14.6148 3.76812 24.4879 4.97917 2.16826 22.3197 4.73995 21.8961
internal_count=1286073 971981 967010 810457 57330 753127 156553 27462 314092 4971 5415 308677 4437 289543
is_linear=0
shrinkage=0.05


Tree=164
num_leaves=15
num_cat=0
split_feature=9 9 9 9 9 5 5 6 5 8 8 6 5 6
split_gain=6.044 11.5297 16.2488 7.97929 7.90383 5.02614 6.30309 4.82 3.04139 2.86366 2.20534 1.43947 1.27909 1.21263
threshold=0.78000614968329141 0.78079527892076073 0.79909090909090918 0.76149954325065006 0.76001625817989693 0.0032657755454108045 0.0032812023157147508 0.19681254451542421 0.027263427818526507 1.0000000180025095e-35 0.20037419562075157 0.29860881668514794 0.0028971518101952886 0.29490664099773967
decision_type=2 2 2 2 2 2 2 2 2 2 2 2 2 2
left_child=3 10 -3 4 8 12 -7 9 -1 -6 -2 -10 -4 -12
right_child=1 2 5 -5 7 6 -8 -9 11 -11 13 -13 -14 -15
leaf_value=-0.028739656280905621 0.038335281493416563 -0.042865966328518232 -0.007696824530839308 -0.041713320035492635 0.035783608068955607 0.040622268733158773 0.00082831214076528365 -0.016735266861251125 0.016423998102560271 -0.012213682128659972 -0.017768491846666717 -0.014426470947577159 -0.033376518659509739 0.013988219401393477
leaf_weight=17.932496031222104 18.681576347094111 16.720940708283479 15.033831668556084 14.561519746614136 13.861532578371738 5.0257330263309532 1400.6763627392804 3.9888725520809762 4.9871117658913127 1.1888261321199696 1.4649172939900261 1.4564831621755727 7.1542773427061297 0.83556151116113131
leaf_count=135044 6250 130315 144998 111926 3858 3510 667668 2546 82 1856 1959 240 75626 195
internal_value=4.82775e-10 0.000649568 5.56379e-05 -0.0151683 -0.00287665 0.000706085 0.00111406 0.0186742 -0.0200227 0.029892 0.0336616 0.00619421 -0.0205923 -0.0045535
internal_weight=1523.57 1465.59 1444.61 57.9768 43.4153 1427.89 1405.7 19.0392 24.3761 15.0504 20.9821 6.44359 22.1881 2.30048
internal_count=1286073 1030521 1022117 255552 143626 891802 671178 8260 135366 5714 8404 322 220624 2154
is_linear=0
shrinkage=0.05


Tree=165
num_leaves=10
num_cat=0
split_feature=10 12 9 9 9 9 9 8 4
split_gain=5.87377 5.55475 5.39099 10.5941 14.2169 7.30335 7.16695 2.06343 1.33821
threshold=1.0000000180025095e-35 1.0000000180025095e-35 0.78000614968329141 0.78079527892076073 0.79909090909090918 0.76149954325065006 0.76001625817989693 0.20037419562075157 0.75000000000000011
decision_type=2 2 2 2 2 2 2 2 2
left_child=1 2 5 7 -5 6 -1 -4 -2
right_child=8 -3 3 4 -6 -7 -8 -9 -10
leaf_value=-0.019096733615851416 -0.035071342049906633 -0.034727465954026669 0.037570378254209086 -0.041177709508534471 0.0011901588937827451 -0.040439026668352002 0.018243840265302711 -0.0042753137620295282 0.0060788804487639306
leaf_weight=23.217794262822345 9.3676077706852503 6.2297146436899302 18.379001661052403 15.081793637438976 1412.5509206646768 13.328589318325603 18.652979867308147 2.2800260339408558 0.75511224614820172
leaf_count=119726 144494 33591 5543 115965 758823 98666 7362 1873 30
internal_value=-5.87136e-10 0.000309566 0.000569367 0.00117487 0.000600425 -0.0140954 -0.00229027 0.0330189 -0.0310068
internal_weight=1519.84 1509.72 1503.49 1448.29 1427.63 55.1994 41.8708 20.659 10.1227
internal_count=1286073 1141549 1107958 882204 874788 225754 127088 7416 144524
is_linear=0
shrinkage=0.05


Tree=166
num_leaves=15
num_cat=0
split_feature=10 5 5 5 12 5 4 9 9 5 6 5 9 5
split_gain=5.65654 5.31874 6.1784 5.86158 5.18093 1.83785 1.28081 0.944669 0.769615 0.66806 0.664689 0.386654 0.374375 0.236844
threshold=1.0000000180025095e-35 0.0032657755454108045 0.0032812023157147508 0.0039702854975892524 1.0000000180025095e-35 0.0033804135460761974 0.75000000000000011 0.93697896052090379 0.88029508833236281 0.0025876018301528854 0.29317468365012278 0.0028971518101952886 0.87912638030957113 0.002485329947496655
decision_type=2 2 2 2 2 2 2 2 2 2 2 2 2 2
left_child=1 7 8 5 -5 -4 -2 10 12 13 11 -1 -3 -9
right_child=6 2 3 4 -6 -7 -8 9 -10 -11 -12 -13 -14 -15
leaf_value=-0.012593288861256519 -0.03476239611449277 -0.0015493666678914443 0.0020828768061398146 0.0010458234768542653 -0.033638859500537292 -0.034907963203163618 0.0059040164126449067 -0.0030702107156305954 -0.0033965820748564392 -0.010322528844483952 0.0049225515587072236 -0.034989639775409025 0.043657958859197321 0.016672760703926908
leaf_weight=13.948120632723262 9.0731491807587155 0.13026452787175813 3.6162874698186291 1458.4425133862067 5.8488935541115543 10.241452876335201 0.7336635128376664 0.25124096576175192 0.24323692419534371 0.74663740345431495 0.3773561490269931 6.7980824250882597 4.8074996156549332 1.1113831604012032
leaf_count=173120 144494 3566 23380 696677 32097 110982 30 1414 438 2966 14937 81446 132 394
internal_value=1.00682e-09 0.000301255 0.000708092 0.000439239 0.000793279 -0.0272621 -0.0307537 -0.021199 0.0395263 0.00372069 -0.0239232 -0.025302 0.0422858 0.0134805
internal_weight=1516.37 1506.56 1483.33 1478.15 1464.29 13.8577 9.80681 23.2328 5.181 2.10926 21.1236 20.7462 4.93776 1.36262
internal_count=1286073 1141549 867272 863136 728774 134362 144524 274277 4136 4774 269503 254566 3698 1808
is_linear=0
shrinkage=0.05


end of trees

feature_importances:
quality=866
rrf_raw=427
lexical_signal=220
dense_raw=201
attribute_raw=132
term_coverage=128
category_match=100
novelty_penalty=91
profile_match=56
contradictions=36
exact_matches=35
partial_matches=29

parameters:
[boosting: gbdt]
[objective: lambdarank]
[metric: ndcg]
[tree_learner: serial]
[device_type: cpu]
[data_sample_strategy: bagging]
[data: ]
[valid: ]
[num_iterations: 300]
[learning_rate: 0.05]
[num_leaves: 15]
[num_threads: 4]
[seed: 20260830]
[deterministic: 1]
[force_col_wise: 1]
[force_row_wise: 0]
[histogram_pool_size: -1]
[max_depth: 5]
[min_data_in_leaf: 40]
[min_sum_hessian_in_leaf: 0.001]
[bagging_fraction: 1]
[pos_bagging_fraction: 1]
[neg_bagging_fraction: 1]
[bagging_freq: 0]
[bagging_seed: 3520]
[bagging_by_query: 0]
[feature_fraction: 1]
[feature_fraction_bynode: 1]
[feature_fraction_seed: 25582]
[extra_trees: 0]
[extra_seed: 14767]
[early_stopping_round: 0]
[early_stopping_min_delta: 0]
[first_metric_only: 0]
[max_delta_step: 0]
[lambda_l1: 0]
[lambda_l2: 5]
[linear_lambda: 0]
[min_gain_to_split: 0]
[drop_rate: 0.1]
[max_drop: 50]
[skip_drop: 0.5]
[xgboost_dart_mode: 0]
[uniform_drop: 0]
[drop_seed: 20645]
[top_rate: 0.2]
[other_rate: 0.1]
[min_data_per_group: 100]
[max_cat_threshold: 32]
[cat_l2: 10]
[cat_smooth: 10]
[max_cat_to_onehot: 4]
[top_k: 20]
[monotone_constraints: ]
[monotone_constraints_method: basic]
[monotone_penalty: 0]
[feature_contri: ]
[forcedsplits_filename: ]
[refit_decay_rate: 0.9]
[cegb_tradeoff: 1]
[cegb_penalty_split: 0]
[cegb_penalty_feature_lazy: ]
[cegb_penalty_feature_coupled: ]
[path_smooth: 0]
[interaction_constraints: ]
[verbosity: -1]
[saved_feature_importance_type: 0]
[use_quantized_grad: 0]
[num_grad_quant_bins: 4]
[quant_train_renew_leaf: 0]
[stochastic_rounding: 1]
[linear_tree: 0]
[max_bin: 255]
[max_bin_by_feature: ]
[min_data_in_bin: 3]
[bin_construct_sample_cnt: 200000]
[data_random_seed: 4792]
[is_enable_sparse: 1]
[enable_bundle: 1]
[use_missing: 1]
[zero_as_missing: 0]
[feature_pre_filter: 1]
[pre_partition: 0]
[two_round: 0]
[header: 0]
[label_column: ]
[weight_column: ]
[group_column: ]
[ignore_column: ]
[categorical_feature: ]
[forcedbins_filename: ]
[precise_float_parser: 0]
[parser_config_file: ]
[objective_seed: 28250]
[num_class: 1]
[is_unbalance: 0]
[scale_pos_weight: 1]
[sigmoid: 1]
[boost_from_average: 1]
[reg_sqrt: 0]
[alpha: 0.9]
[fair_c: 1]
[poisson_max_delta_step: 0.7]
[tweedie_variance_power: 1.5]
[lambdarank_truncation_level: 13]
[lambdarank_norm: 1]
[label_gain: ]
[lambdarank_position_bias_regularization: 0]
[eval_at: 10]
[multi_error_top_k: 1]
[auc_mu_weights: ]
[num_machines: 1]
[local_listen_port: 12400]
[time_out: 120]
[machine_list_filename: ]
[machines: ]
[gpu_platform_id: -1]
[gpu_device_id: -1]
[gpu_device_id_list: ]
[gpu_use_dp: 0]
[num_gpu: 1]

end of parameters

pandas_categorical:null
